session,u,v,target_time,target_energy,GGNN_time_pred,GGNN_energy_pred,GGNN_time_unc,GGNN_energy_unc,GGNN_time_abs_err,GGNN_energy_abs_err,GCN_time_pred,GCN_energy_pred,GCN_time_unc,GCN_energy_unc,GCN_time_abs_err,GCN_energy_abs_err,GAT_time_pred,GAT_energy_pred,GAT_time_unc,GAT_energy_unc,GAT_time_abs_err,GAT_energy_abs_err,GraphSAGE_time_pred,GraphSAGE_energy_pred,GraphSAGE_time_unc,GraphSAGE_energy_unc,GraphSAGE_time_abs_err,GraphSAGE_energy_abs_err,Ridge_time_pred,Ridge_energy_pred,Ridge_time_unc,Ridge_energy_unc,Ridge_time_abs_err,Ridge_energy_abs_err,SVR-RBF_time_pred,SVR-RBF_energy_pred,SVR-RBF_time_unc,SVR-RBF_energy_unc,SVR-RBF_time_abs_err,SVR-RBF_energy_abs_err,KernelRidge-RBF_time_pred,KernelRidge-RBF_energy_pred,KernelRidge-RBF_time_unc,KernelRidge-RBF_energy_unc,KernelRidge-RBF_time_abs_err,KernelRidge-RBF_energy_abs_err,MLP_time_pred,MLP_energy_pred,MLP_time_unc,MLP_energy_unc,MLP_time_abs_err,MLP_energy_abs_err,seen_in_train,train_support_count,support_bucket
2,5,29,6.0,1818.6839999999952,8.421569,2379.3345,0.3244929,112.98505,2.4215688705444336,560.6504726562548,8.118791,2278.6301,0.69183856,211.6724,2.118790626525879,459.9461269531298,8.03525,2218.603,0.38637584,132.47504,2.035249710083008,399.9190273437548,7.868408,2226.2202,0.4101582,67.81272,1.868408203125,407.5362148437548,9.399086756852139,2611.1901084365936,1.4698543420503811,448.14438859586716,3.399086756852139,792.5061084365984,7.434521173312231,2013.4825499165022,0.6908419919475988,149.2222393312995,1.4345211733122314,194.798549916507,8.16268575104807,2293.4336180576865,0.23394633554903715,52.933385009663915,2.1626857510480697,474.74961805769135,6.5423384,1840.0133,1.821196,464.61865,0.5423383712768555,21.329305664067306,True,2,low_1_2
2,29,28,7.0,2025.0359999999944,7.7787476,2229.2961,0.31116277,68.20247,0.77874755859375,204.26014257813063,7.498427,2154.4995,0.32579857,87.77876,0.4984269142150879,129.46351171875563,7.699762,2200.4822,0.18143548,44.83032,0.6997618675231934,175.44617773438063,7.0040617,2017.0662,0.25972655,28.719418,0.004061698913574219,7.969837890619374,7.017394433026721,2028.8065109267384,1.3371257296003847,383.5793255184536,0.017394433026720613,3.7705109267440093,5.362031221427035,1433.7941301783067,0.624481869818125,130.6433803093664,1.637968778572965,591.2418698216877,7.353421909668159,2095.7184138494486,0.3227519051393752,82.93237718310321,0.35342190966815856,70.68241384945418,6.229031,1780.6537,0.75638187,228.56409,0.7709689140319824,244.38231347655687,False,0,unseen
2,28,34,4.0,1100.0160000000046,6.4734855,1877.6703,0.5617974,194.41508,2.4734854698181152,777.6542880859329,6.9193435,1996.5846,0.4806792,148.53535,2.9193434715270996,896.5685947265579,7.83068,2276.0466,0.44209525,84.79617,3.8306798934936523,1176.0306308593704,4.8783255,1353.4331,0.36632854,119.34615,0.8783254623413086,253.41710546874538,5.302546217612547,1548.8809662857739,1.2695126278723765,348.31879110504445,1.302546217612547,448.86496628576924,5.0804316714931455,1324.6649510183368,1.0149731659400896,282.965898934876,1.0804316714931455,224.64895101833213,6.900891498719498,1949.9750840782285,0.34798836056916205,109.69181214441726,2.9008914987194983,849.9590840782239,5.980436,1691.7594,0.7432651,196.3608,1.980435848236084,591.7433994140579,False,0,unseen
2,34,33,5.0,1554.1200000000026,6.2335577,1788.1547,0.38195667,123.73884,1.2335577011108398,234.03466308593488,6.5119095,1868.8313,0.50658405,103.615906,1.5119094848632812,314.7112988281224,6.8672075,1986.8549,0.81466454,237.52527,1.8672075271606445,432.7348583984349,5.2474337,1480.0603,0.31244853,113.737625,0.24743366241455078,74.05969726562762,7.749977065859315,2248.23556890132,1.364612806728742,393.20779471667316,2.749977065859315,694.1155689013176,6.781265126629693,1814.528235721631,0.8743245970376367,221.85158073015936,1.7812651266296928,260.40823572162844,7.854142044918305,2227.5701788565834,0.2668403790129805,61.814904260534824,2.854142044918305,673.4501788565808,6.9697886,2007.1967,0.85321265,219.21335,1.9697885513305664,453.0766552734349,False,0,unseen
2,33,6,8.0,2296.907999999996,6.133076,1747.8132,0.5501691,167.69211,1.8669238090515137,549.0947675781208,6.950723,1962.9183,0.5701851,133.08809,1.0492768287658691,333.9896650390583,7.273011,2090.5386,0.65020305,174.70374,0.7269887924194336,206.3694257812458,5.564357,1549.7566,0.2546466,113.327705,2.435643196105957,747.1514082031208,8.410169883506054,2401.8832902521626,1.076778290500851,301.0668645620564,0.4101698835060539,104.97529025216681,6.814756664595909,1843.195147002934,0.9736117772561033,269.6959537344834,1.185243335404091,453.7128529970619,7.636690307649401,2157.108293080365,0.6979929124437437,192.53963203130826,0.3633096923505992,139.7997069196308,6.9475164,2016.4996,0.5719615,194.13585,1.0524835586547852,280.4083662109333,False,0,unseen
2,6,33,8.0,2318.5440000000035,6.824373,1934.5758,0.61731297,213.60172,1.1756272315979004,383.968194335941,7.947303,2254.2385,0.594218,159.63142,0.052697181701660156,64.3054746093785,8.379196,2410.8408,0.48778316,131.80975,0.3791961669921875,92.2968203124965,6.107367,1713.7004,0.32386327,128.92755,1.8926329612731934,604.8435605468785,9.041081109928466,2528.0772037739507,1.2454238508731865,338.3476168599197,1.0410811099284665,209.5332037739472,8.19231399698418,2243.7612385020275,1.2162833272748457,399.2262734311622,0.19231399698417917,74.78276149797603,9.296287921769967,2647.5515494436427,0.7264053515435914,202.71784804844242,1.2962879217699665,329.00754944363916,9.270185,2626.2134,2.042695,554.2316,1.2701854705810547,307.6693789062465,False,0,unseen
2,33,34,5.0,1551.5279999999984,6.307887,1787.8737,0.9023465,296.22736,1.307887077331543,236.34565722656407,7.590912,2180.479,0.60627484,173.68678,2.590911865234375,628.9510039062516,8.103369,2344.821,0.55508876,152.83083,3.1033687591552734,793.2930449218766,5.8892426,1669.7698,0.33123097,139.39424,0.8892426490783691,118.24177539062657,6.656388664688228,1863.685569456183,1.3790882275574163,369.9763613952827,1.6563886646882278,312.15756945618455,7.664733028976151,2136.9976513123424,1.174115480244895,395.9723413864445,2.6647330289761513,585.469651312344,8.980597068420789,2573.4983459071345,0.6958603770150364,196.25486261587284,3.9805970684207885,1021.9703459071361,8.368737,2365.191,2.2924109,622.0464,3.36873722076416,813.6629179687516,False,0,unseen
2,34,28,3.0,937.9800000000104,6.7511377,1948.0098,0.5283286,165.60147,3.7511377334594727,1010.0297656249896,6.6939344,1926.846,0.72211677,221.95715,3.693934440612793,988.8659472656146,6.7886124,1950.4404,0.89812124,263.4166,3.7886123657226562,1012.4604296874896,5.3442154,1492.3546,0.32456324,141.69363,2.3442153930664062,554.3746142578021,6.662336735623336,1915.1628589640416,1.21086661154491,350.75038336259183,3.6623367356233363,977.1828589640312,6.937187411622515,1761.6021421726753,0.8662095022125555,226.1108706947918,3.9371874116225154,823.6221421726649,7.547423866366811,2141.5204999081225,0.471475769981687,146.30788177583145,4.547423866366811,1203.540499908112,6.7236757,1891.8318,1.017445,317.1577,3.7236757278442383,953.8517871093646,False,0,unseen
2,28,29,5.0,1556.820000000003,7.510016,2148.0317,0.39065394,80.614746,2.5100159645080566,591.2117382812471,7.347998,2086.2058,0.4546138,112.72936,2.3479981422424316,529.3858105468721,7.58624,2173.9214,0.30278793,61.24013,2.586239814758301,617.1013867187471,5.738955,1648.6292,0.26828474,70.25419,0.738955020904541,91.80915039062211,7.344263279087913,2119.17981994298,0.9474740722953894,270.8076252606149,2.3442632790879134,562.3598199429771,4.919256790631269,1436.146797821765,0.8126775847546286,239.6000950698441,0.08074320936873125,120.67320217823794,6.949072868378723,1995.3931242335943,0.32847226452970224,86.62819938403115,1.9490728683787228,438.57312423359144,6.4823127,1912.0398,0.6437502,156.30298,1.4823126792907715,355.2197949218721,False,0,unseen
2,29,5,8.0,2295.287999999993,7.9210267,2250.6187,0.18365175,7.4746885,0.07897329330444336,44.66934765624319,7.6044564,2164.722,0.3013565,69.3581,0.39554357528686523,130.5660761718682,7.6567183,2158.73,0.21253848,73.33924,0.34328174591064453,136.5580195312432,7.824034,2241.2476,0.20951724,50.017227,0.1759657859802246,54.04044140624319,7.608266148970297,2165.311026545769,0.9731746585566031,260.1723208156771,0.39173385102970304,129.9769734542242,6.289015447632089,1734.3066206459923,0.40890152037188665,92.12325592748782,1.7109845523679112,560.9813793540009,7.226308825074336,2037.7606102819996,0.5098684755151095,135.64164047190732,0.7736911749256636,257.52738971799363,6.604757,1933.7028,0.3512204,97.50537,1.3952431678771973,361.5852412109307,True,3,medium_3_5
2,5,29,9.0,2446.487999999993,8.392435,2389.7312,0.47303173,145.74356,0.6075649261474609,56.75679882811801,8.426733,2394.7407,0.5397485,184.63275,0.5732669830322266,51.74727734374301,8.588455,2412.6187,0.46676052,151.38287,0.4115447998046875,33.86934765624301,8.298036,2356.559,0.39240977,86.07176,0.7019643783569336,89.92891796874301,9.772234745847957,2733.631649913943,1.455668255259188,392.98044657567226,0.7722347458479568,287.14364991394996,6.891704818220165,1862.684021376707,1.3172540407423017,397.7199527169561,2.1082951817798348,583.803978623286,8.705337194594211,2457.6705746370394,0.7339334077569278,190.19436774692855,0.29466280540578893,11.1825746370464,8.487013,2402.572,1.9724535,532.1873,0.5129871368408203,43.91597851561801,True,2,low_1_2
2,29,28,7.0,2188.692000000004,7.8243227,2246.5913,0.2926999,70.26651,0.8243227005004883,57.8993085937459,7.5966096,2189.3003,0.35910597,102.504776,0.5966095924377441,0.6082929687459,7.8305144,2246.6445,0.22718102,52.80211,0.8305144309997559,57.9525312499959,7.1617484,2064.9397,0.22110254,27.09686,0.16174840927124023,123.7523027343791,7.5374320507832575,2183.714415368213,1.4089755934699153,403.55521338526256,0.5374320507832575,4.97758463179116,6.289536981275093,1719.6610759420741,0.489323926611296,107.75686382294899,0.7104630187249068,469.03092405792995,7.494656857866106,2143.146115522934,0.2342346793371879,68.59637008050785,0.49465685786610614,45.5458844770701,6.671833,1922.4261,0.5500893,164.87163,0.3281669616699219,266.2658525390666,False,0,unseen
2,28,34,5.0,1411.883999999995,6.627218,1914.1156,0.5562514,181.17976,1.6272177696228027,502.2316005859425,7.2147126,2071.2153,0.5761034,167.90639,2.214712619781494,659.331332031255,7.9791327,2308.6313,0.33579168,64.74805,2.979132652282715,896.747347656255,5.0750604,1412.077,0.3706344,114.01579,0.07506036758422852,0.19302636719248767,6.7865586675910095,1966.126239299935,1.3013378883601885,367.571867933954,1.7865586675910095,554.2422392999399,6.628624294162887,1683.8530725444275,0.6520798058228131,181.51539579029952,1.6286242941628872,271.9690725444325,7.499806415881454,2122.335071410157,0.31591127487321835,99.2594166703408,2.499806415881454,710.4510714101621,6.735297,1902.0027,0.71244395,181.30864,1.7352972030639648,490.11868554688,False,0,unseen
2,34,33,6.0,1711.6920000000043,6.388159,1844.6293,0.3821578,122.497795,0.38815879821777344,132.93727246093317,6.709433,1924.0442,0.5050738,106.0748,0.7094330787658691,212.35218945312067,7.148308,2074.9426,0.8221033,248.5622,1.1483078002929688,363.2506269531207,5.426525,1539.4519,0.2988517,120.45925,0.5734748840332031,172.24009570312933,7.180514276819491,2078.0810264771885,1.1551898728595125,321.4728931291256,1.1805142768194914,366.3890264771842,6.688232919689073,1863.9966175670852,0.5352102142008343,182.0664762433464,0.6882329196890726,152.30461756708087,7.7492388976143145,2223.2234951811242,0.2650813086475378,59.39325447958984,1.7492388976143145,511.5314951811199,7.149646,2074.8257,0.61022717,120.17984,1.1496458053588867,363.1336835937457,False,0,unseen
2,33,6,7.0,1998.9,6.4447126,1841.7965,0.5475699,161.38808,0.5552873611450195,157.1034912109376,6.9880934,1962.4957,0.47741207,95.15112,0.011906623840332031,36.40427246093759,7.447142,2134.809,0.727419,199.56729,0.4471421241760254,135.9090820312499,5.9258456,1665.9592,0.26188552,108.20924,1.0741543769836426,332.9407714843751,7.968713602077592,2257.436248366287,0.8684264496665206,238.558563440581,0.9687136020775924,258.53624836628705,6.353509168394006,1747.5021007178796,0.36378316431088487,94.12656002640439,0.6464908316059939,251.39789928212053,7.425047405178718,2096.940864913618,0.35073181228635886,92.95065971862849,0.4250474051787183,98.04086491361795,6.6149697,1966.1067,0.35938653,95.84215,0.38503026962280273,32.79331054687509,False,0,unseen
2,6,33,8.0,2151.395999999989,6.5581055,1859.5895,0.51040906,176.23648,1.44189453125,291.8065224609263,7.9525766,2259.5625,0.70712775,206.14316,0.047423362731933594,108.16650000001118,8.269903,2395.4937,0.40959257,152.38158,0.26990318298339844,244.09765234376118,5.610139,1556.5602,0.34558374,124.16925,2.3898611068725586,594.8358193359263,10.047128144593952,2823.740751556706,1.225871897885635,339.7525091632828,2.0471281445939518,672.3447515567173,7.621593812541816,2132.671777742334,0.5767434300986959,156.85621582050035,0.3784061874581841,18.724222257654674,8.990137231184416,2556.705696748856,0.6338638779686531,172.91307179475186,0.9901372311844163,405.3096967488673,8.870776,2490.5552,1.8607386,519.6324,0.8707761764526367,339.1591757812612,False,0,unseen
2,33,34,6.0,1843.4160000000045,6.1600623,1749.4908,0.71317625,230.18265,0.16006231307983398,93.92515527344199,7.6569734,2200.334,0.60489565,162.9965,1.6569733619689941,356.9179843749955,7.9988327,2319.017,0.4702467,154.63725,1.9988327026367188,475.6010898437455,5.535533,1574.4277,0.3502745,130.70996,0.46446704864501953,268.9882656250045,9.40384876533514,2667.9852476744513,1.4566137213643984,414.3667396633028,3.4038487653351392,824.5692476744468,7.6082139646680504,2146.4346168724505,1.040026325673587,337.7201906218703,1.6082139646680504,303.01861687244605,9.033327610479434,2589.8341670716272,0.9022536737423991,247.70993201235592,3.033327610479434,746.4181670716227,8.449736,2387.7878,1.9249007,508.38626,2.449735641479492,544.3718417968705,False,0,unseen
2,34,28,3.0,941.6880000000064,6.5734596,1892.4924,0.47596,149.74323,3.5734596252441406,950.8044316406186,6.5040817,1881.3643,0.51186395,157.09042,3.5040817260742188,939.6762578124936,6.6314635,1899.7415,0.878207,257.8434,3.6314635276794434,958.0534550781186,5.008715,1380.1688,0.3132546,121.410164,2.0087151527404785,438.48082324218115,6.167785135025563,1772.1753795521709,1.1513979035319226,334.8644814235052,3.1677851350255626,830.4873795521645,7.009401566504144,1814.1741751876966,0.42122384612229624,113.54509682349419,4.009401566504144,872.4861751876903,7.430941402828111,2104.7190495313507,0.40059057807439824,117.19995677196049,4.430941402828111,1163.0310495313443,6.3865957,1796.3004,0.8157266,249.1735,3.3865957260131836,854.6124150390561,False,0,unseen
2,28,29,4.0,1232.748000000001,7.3094683,2087.7478,0.44572204,89.08008,3.3094682693481445,854.999802734374,6.913783,1944.6371,0.3773932,95.709785,2.913783073425293,711.8890849609365,7.1532965,2048.6812,0.2688236,47.086575,3.15329647064209,815.933152343749,5.6099367,1626.7786,0.2719346,66.631836,1.6099367141723633,394.03056445312404,7.1133296914399065,2049.4304399083785,0.991504025070409,296.9167416538502,3.1133296914399065,816.6824399083775,3.4476136818308682,1007.8769276408336,0.930203812789543,293.56718272383324,0.5523863181691318,224.87107235916733,5.943366210069046,1698.9129921975568,0.2517900976794818,69.0356555269308,1.9433662100690459,466.1649921975559,4.892666,1463.5955,0.7317137,181.09189,0.8926658630371094,230.84745898437404,False,0,unseen
2,29,5,8.0,2283.840000000005,7.887201,2239.321,0.20233989,11.805982,0.11279916763305664,44.51895507813015,7.5453477,2145.2524,0.2749606,63.030598,0.4546523094177246,138.58755859375515,7.6171465,2149.3342,0.20805351,75.451126,0.38285350799560547,134.50577148438015,7.7291565,2217.0552,0.2044341,47.80375,0.270843505859375,66.78482421875515,8.253901360985243,2347.770784008803,0.9719817656530115,270.810324944502,0.2539013609852425,63.93078400879767,6.325960468835016,1745.105920938298,0.3402545314915377,99.723898941797,1.6740395311649836,538.7340790617072,7.19884102833787,2026.9713299400842,0.49208315788364776,131.63744000004922,0.8011589716621303,256.868670059921,6.6991744,1966.0105,0.36311153,75.53675,1.300825595855713,317.82950195313015,True,3,medium_3_5
2,5,29,9.0,2598.0119999999933,8.570552,2438.5513,0.2148302,65.45059,0.42944812774658203,159.46073046874335,8.362812,2374.338,0.50558186,163.94562,0.6371879577636719,223.67410937499335,8.563635,2393.02,0.3790122,125.97006,0.43636512756347656,204.99198046874335,8.41515,2390.1995,0.3449076,57.017853,0.5848503112792969,207.81253710936835,8.528071373464105,2375.0899778219296,1.2936111473051914,341.456358618494,0.4719286265358953,222.9220221780638,7.414526708341707,2005.8219279447603,1.3687972254684786,394.7451021201704,1.5854732916582934,592.190072055233,8.37502222651792,2354.8716703228247,0.6348452172003449,159.56881413298817,0.6249777734820796,243.14032967716867,7.76332,2223.7253,1.5198716,381.94714,1.236680030822754,374.28665820311835,True,2,low_1_2
2,29,27,5.0,1414.7279999999855,7.869624,2280.8506,0.2698625,75.64856,2.869624137878418,866.1225859375145,7.6365914,2214.938,0.48985147,108.831764,2.6365914344787598,800.2099882812645,7.707677,2222.1248,0.4406377,114.40252,2.707676887512207,807.3967558593895,7.8253045,2270.8525,0.20845166,72.75608,2.8253045082092285,856.1245390625145,6.105747094376855,1767.87329760807,1.3124092729750163,359.6382106501272,1.1057470943768548,353.14529760808455,7.744470211823696,2087.650365458637,0.8577223663024434,240.3642549355352,2.744470211823696,672.9223654586517,7.208531965497937,2046.3918613427413,0.3106742111892472,98.70343653302704,2.2085319654979374,631.6638613427558,6.873436,1948.2043,0.43979293,152.32625,1.8734359741210938,533.4763457031395,False,0,unseen
2,27,31,4.0,1066.860000000021,7.261299,2064.9446,0.24332495,83.303024,3.2612991333007812,998.084580078104,7.4519644,2111.8716,0.4182663,116.40917,3.4519643783569336,1045.011582031229,7.9123316,2224.3975,0.19764088,35.219357,3.9123315811157227,1157.537460937479,7.7085137,2203.739,0.23144774,13.591686,3.7085137367248535,1136.879013671854,6.46617170462815,1829.831008552793,1.1353733851946666,297.1821567050656,2.4661717046281497,762.971008552772,5.867620401744127,1563.700431515243,0.9186388215589476,240.94039297373996,1.8676204017441274,496.840431515222,6.6103827636370145,1862.5894028503972,0.4664005422796792,125.18886186128546,2.6103827636370145,795.7294028503761,5.6970787,1603.5364,0.7207437,183.47217,1.6970787048339844,536.676376953104,True,3,medium_3_5
2,31,32,5.0,1505.7360000000072,5.7720423,1619.2678,0.4828815,127.60058,0.7720422744750977,113.53182226561785,5.9208245,1655.6631,0.3347349,100.26567,0.9208245277404785,149.92708593749285,5.8750825,1668.3252,0.30031303,68.46224,0.8750824928283691,162.58919531249285,5.588861,1588.7703,0.29761332,57.707813,0.5888609886169434,83.03426367186785,3.011013335957672,821.6779840058325,1.0216905377612793,269.7965940937515,1.988986664042328,684.0580159941746,4.462677168951273,1141.6678813232932,0.4667140248910367,131.74036092158923,0.5373228310487272,364.068118676714,6.261853561109092,1749.2451754602457,0.33438991136103263,108.46565015864437,1.261853561109092,243.50917546023857,3.436563,1023.53625,2.1323655,595.91895,1.5634369850158691,482.19974511719465,False,0,unseen
2,32,31,7.0,1960.2359999999812,6.5692368,1844.0222,0.66587275,177.78954,0.43076324462890625,116.21378320310623,6.5597053,1823.983,0.41725063,114.62617,0.4402947425842285,136.25296777341873,7.0241,1971.0289,0.13285233,64.93001,0.02409982681274414,10.792930664081268,5.5470343,1577.9348,0.36954963,73.367485,1.4529657363891602,382.30118554685623,6.387806493808336,1745.7072240649716,1.0075674509664319,283.33242914735507,0.6121935061916641,214.52877593500966,5.835700332059023,1566.4920631917898,0.4502618765618414,139.004986970221,1.164299667940977,393.7439368081914,7.407528503920697,2074.972042689677,0.29177034432537435,71.33984714248297,0.4075285039206973,114.73604268969575,4.563859,1339.4503,1.8973153,464.27844,2.436141014099121,620.7856826171687,False,0,unseen
2,31,27,5.0,1401.0840000000085,7.449794,2135.7915,0.2873844,98.911644,2.449793815612793,734.7075039062415,7.38996,2120.2607,0.3594614,75.31028,2.3899598121643066,719.1767421874915,7.8073716,2255.3718,0.27036566,67.53028,2.8073716163635254,854.2878261718665,7.3214097,2125.4907,0.14993377,43.721207,2.3214097023010254,724.4067226562415,7.95826260049809,2301.7478384890023,1.0774501694289498,303.0649089929338,2.95826260049809,900.6638384889939,7.874984993087921,2288.7788570035673,0.662334404298785,216.138368747805,2.8749849930879208,887.6948570035588,8.091435599316931,2339.618858951778,0.3610257321154388,83.18149628716306,3.091435599316931,938.5348589517694,7.923472,2310.9534,0.688918,157.17918,2.9234719276428223,909.8693691406165,False,0,unseen
2,27,29,5.0,1570.860000000021,7.459063,2161.86,0.33598167,79.11148,2.4590630531311035,591.000107421854,7.2834716,2108.693,0.5582576,87.40729,2.2834715843200684,537.833115234354,7.389627,2133.02,0.528134,144.676,2.389626979827881,562.160019531229,6.927063,2011.3412,0.16252756,54.781788,1.92706298828125,440.48118652341645,5.179739510706256,1497.599617297556,1.1301607377220135,311.63616816741757,0.1797395107062556,73.260382702465,7.088411111292084,1994.83225357884,0.7389607447211002,223.36264082596182,2.088411111292084,423.97225357881894,6.517587737132186,1856.2462126683408,0.22830326949794696,71.6876205239751,1.5175877371321862,285.3862126683198,5.632053,1629.8699,0.37653637,117.389786,0.6320528984069824,59.009873046853954,False,0,unseen
2,29,5,6.0,1692.0719999999883,8.043721,2291.0693,0.31121624,84.30463,2.0437211990356445,598.9973359375117,8.27387,2377.5605,0.7045535,195.60197,2.2738704681396484,685.4885468750117,8.068853,2290.2966,0.34199405,98.71964,2.0688533782958984,598.2246308593867,8.236318,2354.1821,0.27024615,82.32023,2.2363176345825195,662.1101289062617,8.941732629605308,2547.7331868811802,1.1452436524052452,331.34826106416256,2.9417326296053083,855.661186881192,7.261866801575093,1960.678435809581,1.0721832887145546,289.0255901088491,1.261866801575093,268.60643580959277,7.698989890756769,2188.124604033207,0.6469013903934507,187.36346580820708,1.6989898907567689,496.0526040332188,6.8292007,1893.761,0.8457113,164.0003,0.8292007446289062,201.6889863281367,True,3,medium_3_5
2,5,29,6.0,1655.0279999999852,8.124747,2309.2178,0.43749312,131.54716,2.1247472763061523,654.1897734375148,7.745476,2198.444,0.26827705,75.468636,1.7454757690429688,543.4160917968898,7.744821,2159.3433,0.4114517,122.077034,1.7448210716247559,504.31526171876476,7.2656517,2078.644,0.36804608,61.688763,1.2656517028808594,423.61604296876476,10.389475699214314,2905.6244323448677,1.3685446794700473,377.48938988511526,4.389475699214314,1250.5964323448825,6.603022450230097,1780.6005110756814,0.45922445143146806,81.24125945138633,0.6030224502300969,125.57251107569618,7.921725676807736,2212.3697498159486,0.38473339914618243,92.99017500806133,1.9217256768077364,557.3417498159633,7.813577,2205.1335,1.6353853,442.22903,1.8135771751403809,550.1055449218898,True,2,low_1_2
2,29,28,4.0,1246.572000000015,7.624668,2184.0615,0.4982218,160.95718,3.6246681213378906,937.4895234374851,8.171072,2359.0605,0.470706,132.29861,4.171072006225586,1112.488546874985,8.309089,2369.8833,0.27180263,60.566723,4.309088706970215,1123.311300781235,7.215945,2067.4106,0.33179098,59.06254,3.215944766998291,820.8386445312351,6.383271541765475,1796.4882952193789,1.2261490149106609,349.1690422787747,2.383271541765475,549.916295219364,6.004807539201493,1661.1872993080312,1.1045256113287834,299.0511887848876,2.004807539201493,414.61529930801635,8.074279485953209,2311.3432770286468,0.9564017176685712,269.09188376545296,4.074279485953209,1064.7712770286319,7.3065734,2053.5605,2.0100172,537.08954,3.3065733909606934,806.9885468749851,False,0,unseen
2,27,31,3.0,931.3199999999896,7.0938277,2036.8203,0.18844014,57.57758,4.093827724456787,1105.5003125000103,7.7913437,2260.73,0.5026916,143.9433,4.791343688964844,1329.4099804687603,8.304817,2402.7134,0.3103789,84.021545,5.304817199707031,1471.3933789062603,7.39093,2132.6887,0.1933572,25.461306,4.39093017578125,1201.3687207031353,8.795122265026286,2544.275686070814,1.3512710661523832,390.08991541005577,5.795122265026286,1612.9556860708244,10.500988621818589,2872.2250316899663,1.2327876779980558,298.42754368055546,7.500988621818589,1940.9050316899766,8.99745030353326,2566.1259657476344,0.4839834417089273,132.44253553920137,5.99745030353326,1634.8059657476447,8.238472,2353.7546,0.65095365,179.36234,5.238471984863281,1422.4346386718853,True,3,medium_3_5
2,31,32,4.0,1051.848000000001,6.4256105,1791.5146,0.3283522,103.934326,2.4256105422973633,739.6666484374989,6.2060113,1701.4359,0.54048884,141.38496,2.2060112953186035,649.5879130859364,6.374526,1776.1019,0.15224916,60.498535,2.374526023864746,724.2539287109364,6.303978,1774.2975,0.38029584,64.361206,2.3039779663085938,722.4494853515614,6.873925815813441,1920.7476274096157,1.4610285450834362,484.9169897613901,2.8739258158134406,868.8996274096146,6.217455403426745,1750.4583875694007,0.6684319097999252,168.0680436334671,2.2174554034267446,698.6103875693996,7.127458229905881,2010.053444252632,0.299961834880814,90.4908215725273,3.127458229905881,958.205444252631,3.3854046,997.6904,0.5087469,149.07738,0.6145954132080078,54.15757031250109,False,0,unseen
2,32,31,3.0,721.7280000000115,5.993417,1654.4373,0.7126574,176.7956,2.9934167861938477,932.7092558593635,4.8843994,1342.6837,0.61850625,175.13773,1.8843994140625,620.955715820301,4.9679313,1361.2083,0.24846466,112.85191,1.9679312705993652,639.4802519531135,4.7491107,1307.1727,0.26056975,98.51369,1.7491106986999512,585.444729492176,2.270724357672289,513.9504248450681,1.8096018510438785,524.9272763489528,0.7292756423277109,207.7775751549434,7.347943289839111,2074.4185431712926,0.600077455282379,153.3964596280334,4.347943289839111,1352.6905431712812,8.41821975923982,2392.7815120264877,0.1155314894227353,35.68233244349509,5.41821975923982,1671.0535120264763,1.7152971,565.8889,1.4672748,403.3191,1.2847028970718384,155.83908398438655,False,0,unseen
2,32,35,7.0,2017.4400000000055,6.5017767,1852.1289,0.6125327,171.5501,0.49822330474853516,165.3110937500055,7.3892517,2107.3472,0.5928521,164.86642,0.389251708984375,89.90716796874449,7.824735,2252.2925,0.17021959,41.90627,0.824735164642334,234.8524804687445,5.0238175,1396.543,0.35399103,93.291115,1.976182460784912,620.8970312500055,6.863437392943955,1972.8811709008387,1.1259134814156797,307.46933603370024,0.13656260705604506,44.558829099166815,6.385155143995763,1651.7886032025024,0.6729497940525264,214.78393357313936,0.614844856004237,365.65139679750314,7.889979375683777,2239.7206248168686,0.18135608220393157,49.340512085177124,0.8899793756837768,222.2806248168631,6.947426,1953.0883,0.43723068,97.68079,0.05257415771484375,64.35174316406801,False,0,unseen
2,35,33,8.0,2157.552000000025,6.449233,1843.748,0.5122134,160.66557,1.550766944885254,313.80395312502515,7.444046,2138.27,0.7057816,181.45189,0.5559539794921875,19.281980468775146,7.655664,2218.86,0.55460966,177.49911,0.34433603286743164,61.308107421849854,5.2961617,1478.4109,0.3488727,123.43422,2.703838348388672,679.1411113281501,7.875357118377067,2243.3775117713003,1.330097825482184,364.6041263023472,0.12464288162293258,85.82551177127516,6.550627804462889,1844.299010744955,1.0582632872620725,296.0636542089921,1.4493721955371113,313.25298925507013,8.371831538327307,2391.3282893951314,0.8905284200023695,239.88546100465211,0.37183153832730653,233.77628939510623,7.6353464,2149.8867,1.586468,415.8197,0.3646535873413086,7.665281250025146,False,0,unseen
2,33,6,6.0,1671.0480000000011,6.2975607,1798.4824,0.5403659,179.51018,0.2975606918334961,127.43442187499886,7.442734,2100.189,0.64427286,171.42793,1.4427337646484375,429.14096484374886,7.715861,2211.5552,0.72730386,207.33739,1.7158608436584473,540.5071757812489,5.8247747,1602.1415,0.27488372,126.611534,0.17522525787353516,68.90652050781364,8.812626098222015,2498.3653828180413,1.2007634744648599,337.6468638196488,2.8126260982220153,827.3173828180402,6.455615130740182,1730.9015118496216,0.5865493622039122,162.8764084406447,0.4556151307401821,59.85351184962042,6.914957479105263,1944.9015222173846,0.3201007718119487,84.65797077300346,0.9149574791052633,273.85352221738344,6.1626673,1721.1348,0.63454235,141.97562,0.16266727447509766,50.08676562499886,False,0,unseen
2,6,33,8.0,2299.4639999999927,6.894872,1960.2119,0.49228078,168.72414,1.1051278114318848,339.25208593749267,7.9784546,2254.209,0.63606983,168.8937,0.02154541015625,45.255015624992666,8.38378,2413.4766,0.46817982,137.03258,0.38377952575683594,114.01256250000733,6.0840406,1705.7305,0.28950077,124.116714,1.915959358215332,593.7335312499927,10.65851654378929,2998.4667487467786,1.3019551244277061,373.1522917929734,2.6585165437892897,699.002748746786,8.28778938888295,2289.702624405317,1.1731964874558423,357.9135117187486,0.2877893888829508,9.761375594675883,9.082204171634721,2572.3736834134834,0.7733991193124606,208.79027802689725,1.0822041716347215,272.9096834134907,9.048513,2555.8223,1.5470004,402.54266,1.048513412475586,256.35826562500733,False,0,unseen
2,33,34,4.0,1094.0400000000052,6.10093,1733.7594,0.7803874,249.13773,2.1009302139282227,639.7193994140573,7.6890326,2217.441,0.6461504,172.90596,3.689032554626465,1123.4009179687448,8.114542,2354.1582,0.4525655,152.46255,4.114542007446289,1260.1182031249948,5.470175,1566.1593,0.33772856,127.50914,1.470174789428711,472.1193017578073,10.690741205228042,3038.1596102285093,1.551951654978238,447.488819504299,6.690741205228042,1944.1196102285041,7.79732202284289,2242.3201504212766,0.8014671401207004,292.09963057836325,3.7973220228428897,1148.2801504212714,9.06070679449895,2594.934242631882,0.6628714976463219,179.06491468740435,5.06070679449895,1500.894242631877,8.514259,2424.1577,1.8618007,483.1643,4.514259338378906,1330.1177148437448,False,0,unseen
2,34,28,4.0,1239.6599999999949,6.611415,1890.634,0.44251534,127.54505,2.611414909362793,650.9740332031301,6.7609863,1962.1868,0.36332744,87.20281,2.760986328125,722.5267675781301,6.848619,1970.6589,0.865595,240.28262,2.848618984222412,730.9989355468801,4.9917192,1376.2073,0.31055462,108.811615,0.9917192459106445,136.54727539063015,8.053347172906319,2316.542961447667,1.3101847356530447,386.0042197039063,4.053347172906319,1076.8829614476722,8.891907464173887,2378.1589040047156,1.0063671961595602,257.95442037196807,4.891907464173887,1138.4989040047208,8.380340466320622,2382.8118572143353,0.4891349603985421,132.22884561039578,4.380340466320622,1143.1518572143405,7.386448,2091.8066,0.64554757,193.42317,3.3864479064941406,852.1466406250051,False,0,unseen
2,28,29,6.0,1698.5880000000066,7.60149,2184.6978,0.38760895,85.04381,1.6014900207519531,486.10975390624344,7.548107,2156.645,0.44622305,110.745,1.5481071472167969,458.05701953124344,7.886229,2260.4575,0.29482892,67.45268,1.8862290382385254,561.8695195312434,5.788414,1659.6582,0.25273946,72.40755,0.21158599853515625,38.92979687500656,8.377437732657052,2405.031216156122,0.9341589717377736,285.64403823821783,2.377437732657052,706.4432161561153,6.696164702580272,1915.2089331823809,0.8594956005731741,263.76282294896674,0.6961647025802717,216.6209331823743,7.637276030923343,2198.032689618466,0.3752420753062496,91.63836230634928,1.637276030923343,499.4446896184595,7.1408186,2069.6445,0.47381043,100.02328,1.1408185958862305,371.05653124999344,False,0,unseen
2,29,5,7.0,1972.9440000000031,7.9352164,2254.224,0.18794532,13.222089,0.9352164268493652,281.28012109374686,7.667674,2186.1753,0.2746591,70.05717,0.6676740646362305,213.23129296874686,7.769864,2192.3862,0.19467919,66.342705,0.7698640823364258,219.44223046874686,7.781302,2227.6343,0.16739665,57.574005,0.7813019752502441,254.69027734374686,7.901805431823087,2236.479344984843,0.8142682465159838,217.0341695054601,0.901805431823087,263.53534498483987,6.928608048138367,1924.1514938605044,0.26093813366560364,70.91853497744468,0.07139195186163327,48.792506139498755,7.245555442595998,2037.7455354109363,0.35632557219050826,93.34569854762579,0.2455554425959976,64.80153541093318,6.8681,2000.2838,0.2530646,65.25155,0.13189983367919922,27.339813476559357,True,3,medium_3_5
2,5,29,8.0,2291.651999999999,8.572844,2444.295,0.33228403,113.93882,0.5728435516357422,152.64292187500087,8.885114,2523.5605,0.4923899,165.7644,0.8851137161254883,231.90854687500087,9.004185,2537.4978,0.42484927,128.5309,1.0041847229003906,245.84580273437587,8.480007,2404.4468,0.3395357,65.364235,0.4800071716308594,112.79477734375087,10.199216097455068,2862.0113052505694,1.3148985292408188,357.9797055457009,2.199216097455068,570.3593052505703,8.111763486085433,2270.3206819505876,1.1035507370673823,331.70782499669673,0.11176348608543307,21.331318049411493,9.115237362279684,2579.732315136298,0.8100391253234744,214.83187455868864,1.115237362279684,288.08031513629885,9.304182,2610.7898,1.5007994,398.2832,1.3041820526123047,319.13779492187587,True,2,low_1_2
2,29,27,6.0,1723.895999999976,7.582944,2186.9185,0.29430804,79.142204,1.5829439163208008,463.0224570312739,7.2238684,2105.3647,0.4986014,84.02835,1.2238683700561523,381.4687460937739,7.256227,2100.0227,0.46033674,123.740364,1.2562270164489746,376.1267050781489,6.9360337,2006.1248,0.122033216,51.094963,0.9360337257385254,282.2287558593989,5.129773428090315,1478.5941550268246,1.068093674419564,295.1083915572693,0.8702265719096847,245.30184497315145,7.249002565037008,2045.6071313938269,0.5408975420225903,149.1534135355753,1.2490025650370082,321.7111313938508,6.311149223600112,1795.861323722038,0.1719562670882151,49.37259513373636,0.3111492236001121,71.96532372206184,5.3133287,1552.583,0.33433035,98.50317,0.686671257019043,171.31299218747608,False,0,unseen
2,27,31,5.0,1390.896000000002,7.2223654,2062.0474,0.12205233,36.0741,2.222365379333496,671.151363281248,7.663975,2206.6401,0.552223,148.51228,2.6639747619628906,815.744136718748,8.109425,2341.5518,0.25538716,69.850075,3.109424591064453,950.655757812498,7.3877783,2134.4263,0.1957938,27.099384,2.3877782821655273,743.530269531248,9.247947296971448,2680.886467362795,1.4371776815007298,411.96598830052403,4.247947296971448,1289.990467362793,11.074065471828938,3119.045298930214,0.9349856928821692,235.34389940246433,6.074065471828938,1728.149298930212,9.378373233286455,2682.015565979633,0.385065201044602,101.98908673460507,4.378373233286455,1291.1195659796308,9.122555,2631.857,1.2489887,351.66428,4.122554779052734,1240.960933593748,True,3,medium_3_5
2,31,30,4.0,1063.1519999999991,5.9297915,1685.5154,0.4240841,106.42778,1.9297914505004883,622.3633808593759,6.148979,1741.3582,0.27201325,90.89137,2.1489791870117188,678.2061542968759,6.2900095,1815.7375,0.2754956,56.254414,2.2900094985961914,752.5855488281259,5.7295065,1640.8695,0.18546058,43.860382,1.729506492614746,577.7175068359384,5.6079026695528515,1618.2583731042819,1.1812464548408936,320.86571305668275,1.6079026695528515,555.1063731042827,4.18463110851545,1041.9938155930597,1.2063737660294296,232.1786898337856,0.1846311085154504,21.158184406939426,6.269840055085284,1764.0298141359156,0.4724917934098248,140.47956395011065,2.269840055085284,700.8778141359164,5.26377,1534.2058,1.5232009,406.52695,1.2637701034545898,471.05381054687587,True,3,medium_3_5
2,24,23,10.0,2936.015999999991,11.459121,3287.084,0.4043113,121.12317,1.459120750427246,351.067984375009,13.46738,3809.5632,1.0122099,316.00314,3.467379570007324,873.547232421884,13.221403,3757.39,0.2576528,59.058968,3.221403121948242,821.373892578134,12.232699,3524.0547,0.80487806,284.09305,2.232699394226074,588.038687500009,11.746424911422961,3332.612277189467,1.6225982456771169,468.04654068606465,1.7464249114229613,396.59627718947604,7.0683301746370075,2038.713272087905,0.8417662823714459,277.44002666812406,2.9316698253629925,897.3027279120861,8.985695836877847,2562.0784580211453,0.6892327315500862,182.4805394867941,1.0143041631221532,373.93754197884573,8.637584,2426.339,2.187627,563.67114,1.3624162673950195,509.676888671866,True,3,medium_3_5
2,23,20,12.0,3426.984000000009,11.646876,3343.407,0.21674684,58.396126,0.35312366485595703,83.57701757813402,12.852835,3694.7422,0.9384178,264.55365,0.8528347015380859,267.758187499991,11.948668,3436.1187,0.32668146,127.93645,0.05133247375488281,9.134652343740981,12.083363,3519.395,0.44122934,147.15825,0.08336257934570312,92.41101953124098,14.644307242437671,4211.892863554569,1.4743828227399107,421.1608740454496,2.6443072424376712,784.90886355456,12.005687019505539,3371.709904187594,0.7123758092496993,181.92335333783498,0.005687019505538515,55.274095812415,11.841692694318386,3413.1396080468985,0.28097394274432574,88.95745297397401,0.158307305681614,13.844391953110517,12.675857,3670.7786,0.36287877,169.85432,0.6758565902709961,243.79456445311598,True,6,high_gt5
2,20,22,11.0,3078.5400000000054,10.914164,3118.8647,0.3295178,86.631584,0.08583641052246094,40.32474609374458,11.908822,3426.2148,0.69520813,229.53413,0.9088220596313477,347.6748437499946,11.436182,3251.9575,0.12365598,27.726854,0.43618202209472656,173.41751953124458,10.795049,3147.909,0.19631891,99.54989,0.20495128631591797,69.36893554686958,9.220257719750027,2656.294719631417,1.1854871325720475,338.3470106998212,1.7797422802499732,422.2452803685883,10.841848406410495,3088.770626572395,1.105538616550856,283.2629873415347,0.1581515935895048,10.23062657238961,9.394686609672233,2693.1992276844944,0.3912479591635364,102.37852788971122,1.6053133903277672,385.340772315511,9.027209,2625.2266,0.839146,196.41705,1.9727907180786133,453.3134375000054,True,3,medium_3_5
2,22,19,18.0,5304.096000000002,16.252348,4622.298,1.0891021,326.979,1.7476520538330078,681.7981484375023,13.832916,3955.6226,1.4521985,455.0881,4.167083740234375,1348.4734414062523,14.882113,4270.392,1.1072657,278.2406,3.117886543273926,1033.7039101562523,15.411997,4415.985,0.4942875,70.30244,2.588003158569336,888.1111367187523,18.192675488627096,5229.118460623339,1.4040091157421843,388.13450379737486,0.1926754886270956,74.97753937666312,15.554568222819222,4478.940692759512,1.3844200956676824,420.7603982246905,2.4454317771807776,825.1553072404904,13.708791149243336,3967.0755561637175,0.5403786178366101,164.5686584348785,4.291208850756664,1337.0204438362848,16.202494,4757.7236,0.6672089,210.38647,1.797506332397461,546.3723671875023,True,2,low_1_2
2,19,16,9.0,2636.7480000000014,9.759327,2749.9214,0.5111997,171.09648,0.7593269348144531,113.17338671874859,6.224116,1780.8938,0.4036967,122.64224,2.7758841514587402,855.8542011718764,6.7257814,1921.4172,0.5485229,189.7742,2.2742185592651367,715.3307636718764,10.762265,3104.3447,0.1145942,45.155983,1.7622652053833008,467.5967265624986,8.157379066582514,2352.925398529734,1.4267870799809172,404.9652528657501,0.8426209334174857,283.8226014702673,9.478190924162622,2544.792482740434,0.5475387189490311,118.97136538204582,0.47819092416262166,91.95551725956739,8.31966820724881,2379.0842360197285,0.2762895134853599,76.56388671789996,0.6803317927511898,257.66376398027296,7.934785,2264.4614,0.5616655,172.8283,1.0652151107788086,372.2865742187514,True,1,low_1_2
2,16,15,5.0,1401.5880000000063,5.2282667,1483.6914,0.19264522,65.31513,0.22826671600341797,82.10340624999367,5.2717485,1497.8865,0.4556146,126.32702,0.27174854278564453,96.29847460936867,5.677435,1619.5144,0.09581796,41.730827,0.6774349212646484,217.92640429686867,5.5509076,1600.1737,0.048899107,67.41018,0.5509076118469238,198.58570605468117,7.117894959218049,2052.637426908819,1.34287204132388,378.3487174015915,2.1178949592180487,651.0494269088128,5.819623692347984,1649.1535238550273,0.4591232012556698,101.51766052658137,0.8196236923479843,247.56552385502096,6.826305338176645,1956.7824260739606,0.2503538192827813,82.05814461809344,1.8263053381766454,555.1944260739542,6.394719,1821.8265,0.32532388,104.005844,1.394719123840332,420.23853808593117,True,5,medium_3_5
2,15,14,6.0,1692.4319999999832,5.2884436,1475.2372,0.37336913,81.8834,0.7115564346313477,217.1948173827957,5.7719407,1638.7307,0.44868886,122.068054,0.2280592918395996,53.70128710935819,5.9731236,1700.9856,0.2086102,71.35341,0.026876449584960938,8.55359570314181,5.3559866,1558.2705,0.0906349,78.42011,0.6440134048461914,134.1614921874832,6.849997480848181,1956.4626826673004,1.2521495501285107,358.49346977495935,0.8499974808481809,264.03068266731725,4.6056202412547,1214.1715887954665,0.8902940346097044,218.89752026974915,1.3943797587453002,478.2604112045167,6.672579628706545,1888.8679592809053,0.6734840315660592,184.69044874289446,0.6725796287065453,196.43595928092213,6.083834,1711.2341,0.8806134,249.11467,0.08383417129516602,18.80213085939181,True,2,low_1_2
2,14,21,15.0,4340.771999999963,12.989843,3748.0051,1.1013997,316.40863,2.0101566314697266,592.7668730468376,13.148326,3782.9558,0.66835386,218.7721,1.8516740798950195,557.8161894530876,13.946033,4020.9739,0.6362273,142.69774,1.0539674758911133,319.79812304683765,12.992592,3763.319,0.22982623,20.864372,2.0074081420898438,577.4529082030876,16.213047520104784,4648.266561022419,1.2895340019085082,362.26959064322534,1.2130475201047837,307.49456102245676,15.277484926992496,4387.42567048708,1.1104689453632834,270.0608692250872,0.2774849269924964,46.65367048711778,14.524607622759271,4185.66538980483,0.3395103595427878,95.65114835907264,0.4753923772407287,155.10661019513282,14.761159,4260.614,0.50646,123.348465,0.23884105682373047,80.15823046871265,True,3,medium_3_5
2,21,20,12.0,3385.367999999964,12.1584015,3450.9946,0.35418877,136.20853,0.1584014892578125,65.62662890628599,12.395468,3569.8743,0.45076868,163.64473,0.39546775817871094,184.506267578161,11.869003,3387.6548,0.3576088,78.90001,0.1309967041015625,2.286785156285987,13.345953,3836.0261,0.28800955,117.47457,1.3459529876708984,450.658123046911,10.266997446182026,2955.6887932463605,1.2374004775551435,362.72542154647283,1.7330025538179736,429.67920675360347,11.34079208658201,3226.398742216131,0.6161483442572774,197.38900149175097,0.6592079134179905,158.9692577838332,9.459967798870778,2714.524145369686,0.3186457472568877,80.06357238986394,2.540032201129222,670.8438546302782,9.39949,2737.1128,1.1695234,291.50772,2.6005096435546875,648.255207031214,True,3,medium_3_5
2,20,23,12.0,3424.5000000000005,11.665303,3347.0032,0.21694434,64.2686,0.33469676971435547,77.49682617187545,13.480581,3863.653,0.8444674,231.30075,1.480581283569336,439.15307617187455,12.978284,3713.4836,0.17845128,83.73893,0.9782838821411133,288.98364257812455,12.051793,3504.6003,0.35133773,144.58022,0.05179309844970703,80.10034179687455,14.375338469978336,4140.0489825905925,1.384222515538378,391.80596473365836,2.3753384699783364,715.548982590592,13.211552806326612,3731.0610105965434,0.7141029522314057,180.83588036489633,1.2115528063266119,306.5610105965429,12.625630714391997,3639.6390623702,0.2719544762550707,86.18240812947333,0.6256307143919972,215.13906237019955,12.976095,3781.3762,0.37560412,156.5178,0.9760951995849609,356.87622070312455,True,6,high_gt5
2,23,24,10.0,2932.2359999999812,11.0233135,3165.1748,0.3457846,102.33303,1.0233135223388672,232.93880468751877,11.427586,3312.1003,0.5818846,206.47148,1.4275856018066406,379.86434179689377,11.001091,3142.6245,0.3488409,79.10399,1.0010910034179688,210.38851171876877,11.317715,3270.3442,0.22637534,49.557274,1.3177146911621094,338.10823828126877,8.91518284212006,2565.8655785614933,1.2853325187559637,367.50590692399106,1.0848171578799395,366.37042143848794,10.350363826374155,2889.828863287153,1.1715808478759722,308.2218448901307,0.35036382637415464,42.407136712828105,9.121955488015857,2617.5414953495665,0.5612368071474312,158.92865206556553,0.8780445119841431,314.69450465041473,8.704872,2467.6553,0.47353968,158.69518,1.2951278686523438,464.58072656248123,False,0,unseen
2,30,31,7.0,2021.364000000019,6.1118937,1766.2341,0.4761948,150.55766,0.8881063461303711,255.1298691406439,6.957808,2018.9597,0.272079,77.421425,0.04219198226928711,2.4042832031439048,7.4559736,2154.7063,0.10163281,21.012413,0.45597362518310547,133.3422988281061,4.9596796,1381.9292,0.31416652,106.41426,2.04032039642334,639.4348007812689,5.393561326196254,1547.3218963901115,1.023997538621697,284.56900291994253,1.606438673803746,474.0421036099074,7.76239207149519,2185.550795279577,0.46400028957357226,146.31195028957933,0.7623920714951904,164.18679527955805,6.356598017945735,1809.36885559626,0.2761183841735548,84.55239505248547,0.6434019820542654,211.995144403759,5.8597107,1688.476,0.2747659,110.20285,1.140289306640625,332.8880478515814,False,0,unseen
2,31,32,3.0,733.320000000042,6.2532206,1739.7719,0.4967802,152.72897,3.253220558166504,1006.4518505858955,6.083631,1688.1176,0.4939835,141.15282,3.0836310386657715,954.7975537108955,6.2791605,1740.635,0.18441007,72.79451,3.279160499572754,1007.315009765583,6.121648,1708.8705,0.36676484,84.56009,3.121647834777832,975.5504833983955,3.7541422135290348,979.996862489748,1.4298191633885287,377.0715586691684,0.7541422135290348,246.67686248970597,5.77212919757487,1562.8670178664763,1.4315537625365293,429.2039702811774,2.77212919757487,829.5470178664343,7.031744777539447,1962.2260885032024,0.7162464016575258,228.98976206157295,4.031744777539447,1228.9060885031604,4.164016,1195.0322,0.9364067,283.4127,1.164015769958496,461.712226562458,False,0,unseen
2,32,35,9.0,2439.6120000000465,6.722544,1898.6078,0.64547545,187.39859,2.2774558067321777,541.004211914109,7.413746,2086.231,0.4836452,128.26678,1.5862541198730469,353.38104296879646,7.8994765,2227.1763,0.15187716,70.60492,1.1005234718322754,212.43573046879646,5.3552847,1481.5394,0.3499176,93.04051,3.6447153091430664,958.072571289109,7.229452520002101,2003.812262123872,1.149356550286529,309.0323064286429,1.7705474799978989,435.7997378761745,6.279389423451415,1622.282946497197,0.937064471883339,207.86340070564276,2.7206105765485846,817.3290535028495,7.5127840849614005,2076.959142353799,0.7689553105510734,187.85910908617214,1.4872159150385995,362.6528576462474,7.045363,1973.7184,1.0971773,280.33945,1.954637050628662,465.89361621098396,False,0,unseen
2,35,33,7.0,2010.3480000000272,6.284875,1804.099,0.6581194,208.29921,0.7151250839233398,206.24900097658974,7.5810256,2184.9866,0.74783367,198.23076,0.5810256004333496,174.63857226559776,7.951701,2312.0073,0.45637652,165.87418,0.9517011642456055,301.65932421872276,5.250857,1480.6696,0.312113,114.029305,1.749143123626709,529.6784443359647,8.126751805404863,2295.556505129783,1.0931897038703473,298.0202635914251,1.1267518054048633,285.20850512975585,6.902901528668586,2024.226646169398,0.30922432978550396,138.774325009491,0.0970984713314138,13.878646169370768,8.527936543717939,2439.9863380650327,0.4374159700375696,110.45099532786007,1.5279365437179386,429.6383380650054,7.861861,2248.337,1.3559338,356.89194,0.8618612289428711,237.98891406247276,False,0,unseen
2,33,6,6.0,1822.6800000000103,6.2659974,1789.8164,0.52805495,180.21046,0.26599740982055664,32.863593750010295,7.4861,2112.327,0.6298332,175.07741,1.486100196838379,289.6469042968647,7.734609,2218.8118,0.70338553,200.0695,1.7346091270446777,396.1317675781147,5.743995,1570.9216,0.2819265,128.72516,0.25600481033325195,251.7583691406353,7.971527975162987,2256.1335940963486,1.0847169765714202,295.5986636948125,1.9715279751629868,433.4535940963383,5.75934842848344,1552.9858760050456,0.4177321423684005,124.49881782015711,0.24065157151656003,269.6941239949647,6.476318563729566,1816.410235016076,0.2099427823880931,53.644620072852405,0.47631856372956616,6.2697649839342375,5.814456,1599.8066,0.6207715,145.67372,0.18554401397705078,222.8733593750103,False,0,unseen
2,6,33,8.0,2290.7159999999917,6.9236403,1971.9769,0.52493066,178.58942,1.076359748840332,318.7390712890542,7.955018,2251.5474,0.59383374,159.85234,0.044981956481933594,39.16863671874171,8.352874,2402.1191,0.50846136,141.35464,0.3528738021850586,111.40314062500829,6.118348,1717.7037,0.29598537,124.3135,1.8816518783569336,573.0122646484292,10.126553610012843,2840.7197443051355,1.2750273095352045,358.7986884782083,2.1265536100128433,550.0037443051438,8.457453101670145,2354.6491523182326,1.3119071068533512,397.3606167656458,0.4574531016701453,63.9331523182409,9.141865783772584,2584.6772233863967,0.7798285683988008,208.80505535611334,1.1418657837725839,293.961223386405,9.068895,2553.9128,1.4308903,374.1961,1.0688953399658203,263.1968417968833,False,0,unseen
2,33,34,5.0,1554.8760000000127,6.112075,1747.6761,0.6886653,224.52211,1.112074851989746,192.8001474609248,7.5592203,2179.5117,0.6060322,162.61414,2.559220314025879,624.6357187499873,7.9754424,2311.143,0.49879342,170.77356,2.975442409515381,756.2670664062373,5.4495287,1553.7297,0.32829034,125.60101,0.44952869415283203,1.1462636718877093,9.005401355858295,2556.968281869034,1.4226798890138461,405.60159550925783,4.005401355858295,1002.0922818690212,7.466957807507205,2144.691385056203,0.9462916782717625,297.9054385776213,2.466957807507205,589.8153850561905,8.689026846416265,2486.6464304693664,0.725467460633446,197.66860117962528,3.689026846416265,931.7704304693536,8.18001,2306.9312,1.4593362,362.0239,3.1800098419189453,752.0551523437373,False,0,unseen
2,34,28,4.0,1232.6400000000317,6.594542,1893.6344,0.4242174,128.95523,2.5945420265197754,660.9943994140308,6.791594,1981.8119,0.35020003,92.239624,2.7915940284729004,749.1718896484058,6.8798447,1973.2773,0.8720556,251.65974,2.8798446655273438,740.6373437499683,4.926687,1348.8593,0.31698248,113.544395,0.9266867637634277,116.2192529296558,6.901769737588081,1979.2723715387565,1.1917157743145332,335.5413385262099,2.901769737588081,746.6323715387248,8.16515418382819,2214.5007910686645,0.5566988322507966,118.47292654915293,4.165154183828189,981.8607910686328,7.847412330127414,2234.531007282704,0.39759482544445296,110.50348630589541,3.8474123301274137,1001.8910072826725,7.198986,2026.6276,0.429839,137.82147,3.198986053466797,793.9875634765308,False,0,unseen
2,28,27,5.0,1373.97599999996,7.1618223,2045.0905,0.35488734,88.18812,2.1618223190307617,671.1144541016024,6.9897285,1980.1361,0.33570322,86.51167,1.9897284507751465,606.1601083984774,7.081182,2038.4551,0.23209631,39.9749,2.0811820030212402,664.4790781250399,5.360002,1528.676,0.27717003,74.90938,0.3600020408630371,154.7000253906649,5.639916948834978,1626.0566601517917,1.177403159817067,325.45869656016674,0.6399169488349781,252.08066015183158,5.144493267824747,1384.0275318912798,0.6128042409050702,147.25510211452107,0.14449326782474703,10.051531891319655,6.422757843803039,1820.1725120589956,0.32087148583315395,85.74382843824093,1.4227578438030388,446.1965120590355,5.6008844,1597.9131,0.77454907,203.18515,0.6008844375610352,223.9370859375399,False,0,unseen
2,27,31,7.0,2006.6399999999792,7.1188407,2023.5032,0.24366082,50.949707,0.11884069442749023,16.86317382814582,6.9364724,1965.3392,0.36951062,94.54315,0.06352758407592773,41.30076660154168,7.366783,2103.1912,0.10626028,44.108807,0.36678314208984375,96.55116210939582,7.1642356,2072.6003,0.25243184,35.84292,0.16423559188842773,65.96034179689582,6.7433371227269046,1938.384039587366,1.2643476554627011,361.7635270077539,0.25666287727309545,68.25596041261315,4.6864387183965395,1328.56635418626,0.4281159793584888,101.72321583872466,2.3135612816034605,678.0736458137192,6.018422055219899,1712.9421077816194,0.12402502658773551,30.740605213063322,0.981577944780101,293.6978922183598,5.415295,1545.2717,0.40496904,103.13382,1.584704875946045,461.3682714843542,True,3,medium_3_5
2,31,30,6.0,1653.8399999999792,6.383756,1800.419,0.41964063,106.7408,0.383756160736084,146.57894531252077,6.3762927,1780.3748,0.2106332,39.66091,0.37629270553588867,126.53475585939577,6.6076555,1847.4092,0.1781848,51.898525,0.6076555252075195,193.56917968752077,6.1955976,1761.886,0.30856225,51.020527,0.19559764862060547,108.04598632814577,4.990155601307725,1374.5499435471968,1.2136335886593639,322.07456641288496,1.009844398692275,279.29005645278244,4.94512609292413,1246.4418986494288,0.6751452277468148,224.78639602753796,1.0548739070758701,407.3981013505504,6.479897980822614,1794.0793538449173,0.5956504134890523,165.57691397157703,0.4798979808226136,140.23935384493802,4.7965393,1370.8623,1.2088863,334.62427,1.203460693359375,282.9776953124792,True,3,medium_3_5
2,24,23,11.0,3391.811999999994,11.626406,3323.981,0.2789733,109.95651,0.6264057159423828,67.83104296874399,12.536688,3589.4304,0.4365817,151.65973,1.5366878509521484,197.618419921881,12.179487,3456.6362,0.12994574,25.466385,1.1794872283935547,64.82423046875601,11.818092,3406.4238,0.40171304,169.09053,0.8180923461914062,14.611828125006014,8.717268725048555,2505.5319681319615,1.072084567384298,306.8378681446879,2.282731274951445,886.2800318680324,10.251472778869447,2969.16026866636,0.4740861561734272,136.5472777197052,0.7485272211305531,422.65173133363396,8.985963690923313,2587.9950979345385,0.33669488140854803,81.86400632415861,2.014036309076687,803.8169020654555,8.7630415,2524.8848,0.8583683,202.24123,2.2369585037231445,866.927234374994,True,3,medium_3_5
2,23,20,12.0,3582.7559999999708,11.795972,3379.6367,0.19584048,57.05588,0.20402812957763672,203.11928124997075,12.957148,3721.2883,0.9884118,282.153,0.9571475982666016,138.53233007815425,12.008081,3445.862,0.36934915,143.66109,0.008081436157226562,136.89393945309575,12.3184,3586.7078,0.47859305,158.5952,0.31840038299560547,3.9517636719042457,14.47098731728794,4156.388394317155,1.4140058315784227,405.26631358138604,2.470987317287941,573.6323943171842,10.890153293021646,3059.905078548464,0.5977913762466842,121.58873994655383,1.1098467069783542,522.8509214515066,11.141974073925487,3209.638345526295,0.32566936409004044,104.30845769772574,0.8580259260745127,373.1176544736759,12.373329,3567.2715,0.52549684,222.03113,0.37332916259765625,15.484515624970754,True,6,high_gt5
2,20,22,12.0,3377.196000000002,10.982272,3137.251,0.2811914,72.89904,1.0177278518676758,239.9450234375022,11.891223,3416.683,0.67647207,223.31015,0.10877704620361328,39.487105468747814,11.443497,3257.6814,0.13142048,30.516779,0.5565032958984375,119.51460351562719,10.86114,3167.2114,0.17456023,96.53771,1.138859748840332,209.9845742187522,9.274702241955948,2673.2723703388865,1.170352321386383,335.77467627206465,2.725297758044052,703.9236296611157,11.356373064155084,3248.7511322170963,0.41389574157800035,126.44267506512413,0.6436269358449156,128.44486778290593,9.405074325138106,2699.791199222912,0.36013539286737467,87.57102864466054,2.5949256748618943,677.4048007770903,9.406149,2728.92,1.3875244,351.35748,2.593851089477539,648.2760781250022,True,3,medium_3_5
2,22,19,17.0,4962.6,16.190792,4602.681,0.83262146,248.4111,0.8092079162597656,359.91884765625036,14.325211,4078.7788,1.3767655,407.7915,2.6747894287109375,883.8211914062504,15.412195,4408.786,0.9653902,216.50728,1.5878047943115234,553.8138671875004,15.628927,4481.339,0.3804462,84.73452,1.371072769165039,481.26113281250036,19.655379999335942,5611.815502897971,1.6094243854118313,449.34681249080523,2.655379999335942,649.2155028979705,15.503143514527775,4413.100476058584,0.7161040614421182,247.4099710104268,1.4968564854722253,549.4995239414166,13.829675873277356,3961.083466981385,0.2891901954798811,74.70073013426071,3.170324126722644,1001.5165330186155,16.924007,4927.521,0.67853576,222.36862,0.07599258422851562,35.079003906250364,True,2,low_1_2
2,19,16,10.0,2944.655999999971,9.427808,2659.7466,0.4573711,158.62329,0.5721921920776367,284.90941796872085,5.974092,1710.9558,0.31888038,100.93683,4.02590799331665,1233.7001894530958,6.5147386,1864.8984,0.6867686,228.90431,3.4852614402770996,1079.7575624999708,10.439748,3012.0483,0.09850555,54.493965,0.43974781036376953,67.39233984377915,8.221242246909211,2370.877530180852,1.3745830257044265,394.2713601425786,1.7787577530907885,573.778469819119,10.295718771291252,2844.0274630503823,0.5366482485848373,134.3354200911302,0.2957187712912521,100.62853694958858,8.596073912975594,2458.7040086824923,0.32652902705735215,89.87463205079057,1.4039260870244057,485.9519913174786,8.189257,2317.6099,0.6631398,204.1969,1.8107433319091797,627.0461367187208,True,1,low_1_2
2,16,15,5.0,1548.9,5.0311913,1421.5063,0.17598006,57.780266,0.031191349029541016,127.39365234375009,5.103383,1453.5371,0.3008428,88.75136,0.10338306427001953,95.36289062500009,5.4717007,1569.0635,0.08747863,46.835323,0.47170066833496094,20.16347656249991,5.3124075,1524.7949,0.06536598,62.104942,0.3124074935913086,24.10507812500009,7.613917951916972,2190.423553239713,1.2916173869860776,369.96816156697986,2.6139179519169717,641.5235532397128,7.5956765063384495,2113.6300067268753,0.5543261546965761,145.22755536591288,2.5956765063384495,564.7300067268752,7.563407695274743,2162.0048782359713,0.234761138893122,64.21338979922494,2.5634076952747433,613.1048782359712,7.12101,2012.6023,0.36401787,102.62092,2.1210098266601562,463.7022949218749,True,5,medium_3_5
2,15,14,4.0,1244.0880000000063,5.0224714,1417.3517,0.38289756,89.83506,1.0224714279174805,173.26368457030617,5.798857,1663.7253,0.46979758,132.70674,1.7988572120666504,419.63734179686867,6.0658507,1738.943,0.2451098,75.1107,2.0658507347106934,494.85499316405617,5.1562834,1496.5519,0.11713477,76.79245,1.1562833786010742,252.46387988280617,7.347153766157857,2121.1869159788193,1.2301763262273657,354.83859544537023,3.3471537661578568,877.098915978813,8.396042450420424,2383.892340043801,0.5346404371735475,138.5317085391112,4.396042450420424,1139.8043400437948,7.91769506506229,2270.6181759594983,0.34245706791984126,86.73071922772868,3.91769506506229,1026.530175959492,7.4813156,2124.448,0.65331614,184.6737,3.4813156127929688,880.3599980468687,True,2,low_1_2
2,14,21,14.0,4051.692000000005,12.875788,3726.4187,1.0566188,302.31052,1.1242122650146484,325.27329882813,13.023941,3736.0254,0.7297643,228.87123,0.9760589599609375,315.666609375005,13.788969,3984.4524,0.6604536,152.17621,0.2110309600830078,67.23960742188001,12.847931,3730.9497,0.25847134,15.707065,1.152069091796875,320.742292968755,16.51140848197209,4743.4055734909725,1.3263570580107102,371.06755564703167,2.51140848197209,691.7135734909675,14.18507605665248,4174.880377554939,0.5044697418078857,72.20465071237618,0.1850760566524805,123.1883775549336,13.832578777179787,4000.502079983722,0.3519222249433816,104.98350412757104,0.167421222820213,51.18992001628294,15.04337,4328.06,0.51604766,163.36917,1.043370246887207,276.368058593745,True,3,medium_3_5
2,21,20,11.0,3067.236000000034,12.109568,3432.6414,0.36338055,138.88039,1.109567642211914,365.405357421841,12.2447405,3528.9985,0.43524367,160.33746,1.2447404861450195,461.762535156216,11.779221,3360.0962,0.36786976,85.91048,0.7792205810546875,292.860191406216,13.212375,3798.6907,0.29055732,116.37095,2.212374687194824,731.454673828091,9.72508139818583,2792.392963510297,1.0792550674513988,307.19385000608054,1.2749186018141696,274.8430364897372,11.238283601385643,3227.286916851198,0.3797919347436764,110.5477902853164,0.23828360138564264,160.05091685116395,9.421497209054325,2708.798795183675,0.33584738983676055,78.50635256960834,1.5785027909456755,358.4372048163591,9.46422,2757.515,1.200216,290.99176,1.5357799530029297,309.721107421909,True,3,medium_3_5
2,20,23,13.0,3726.180000000011,11.677192,3340.42,0.20674933,65.2526,1.3228082656860352,385.7600781250112,13.372019,3830.941,0.9006126,251.22249,0.37201881408691406,104.7609179687388,12.958425,3703.5913,0.1775449,88.974655,0.04157543182373047,22.588691406261205,12.015299,3496.0625,0.36416447,147.47018,0.9847011566162109,230.1175000000112,13.804741125518962,3965.1729678304487,1.219333606494423,338.0657273805062,0.8047411255189623,238.99296783043746,13.449293860102449,3804.7160315927126,0.521246999425843,132.3019040277223,0.44929386010244876,78.53603159270142,12.620195864018957,3639.418842470461,0.2341903245710149,75.28999914506609,0.37980413598104334,86.76115752955002,12.973658,3776.4507,0.4677367,186.24164,0.026342391967773438,50.270683593738795,True,6,high_gt5
2,23,25,10.0,2924.856000000023,10.999486,3162.191,0.22472486,69.89514,0.999485969543457,237.33491796872704,11.223623,3244.4773,0.450977,169.56638,1.223623275756836,319.62129492185204,10.801226,3087.1812,0.2890193,70.25179,0.8012256622314453,162.32515234372704,11.171609,3241.1108,0.19103494,48.68097,1.1716089248657227,316.25483984372704,9.963511814905967,2866.323380939978,1.397877978204319,406.14800553769584,0.03648818509403284,58.53261906004491,11.775174106494404,3279.9496971687977,0.7243329697757666,207.43276386020344,1.7751741064944042,355.0936971687747,9.716971203328564,2783.3361352947004,0.3889004219212268,109.7940300050932,0.2830287966714362,141.51986470532256,9.3884945,2673.5627,0.75981134,243.04099,0.6115055084228516,251.29325585939796,True,6,high_gt5
2,26,27,11.0,3174.9119999999944,8.069022,2292.916,0.08249133,24.455929,2.9309778213500977,881.9959843749944,7.9663706,2255.0942,0.56195426,159.7875,3.0336294174194336,919.8177617187444,8.064486,2266.2666,0.27659664,81.96452,2.935514450073242,908.6453984374944,8.713311,2465.687,0.20813972,89.4976,2.286688804626465,709.2249882812444,8.659071952691255,2420.335401237597,1.3971294527855402,394.8310751699468,2.3409280473087453,754.5765987623972,6.374539727901015,1795.211221402909,1.3580868895433833,358.4790069448612,4.625460272098985,1379.7007785970854,7.758215447705527,2165.6792185753516,0.8696972687171306,218.0287259705291,3.2417845522944733,1009.2327814246428,7.4101295,2029.5566,1.7198205,410.8893,3.5898704528808594,1145.3553593749944,True,3,medium_3_5
2,27,31,7.0,2154.9239999999877,7.063595,2005.0814,0.23784931,47.97909,0.06359481811523438,149.8425791015502,6.827347,1930.3977,0.36070114,94.04537,0.1726531982421875,224.5262949218627,7.2288756,2066.3635,0.10095153,42.112774,0.22887563705444336,88.5604746093627,7.0479903,2036.4922,0.24553977,38.28328,0.04799032211303711,118.4318124999877,6.761101502038684,1940.886362296996,1.2910418484505057,370.6998343097027,0.23889849796131557,214.0376377029918,4.841045235821423,1351.43933750584,0.5137523619545853,127.3099432240328,2.158954764178577,803.4846624941476,5.930073064973844,1682.752936510796,0.1710204936498499,47.44823630287366,1.0699269350261558,472.17106348919174,5.2560434,1505.4265,0.4398674,110.073326,1.7439565658569336,649.4974863281127,True,3,medium_3_5
2,31,30,4.0,1069.3440000000294,6.2603135,1782.3601,0.38092366,91.48523,2.2603135108947754,713.0161074218456,6.4019995,1809.0834,0.20940311,79.29441,2.4019994735717773,739.7393740234081,6.622424,1892.567,0.2530142,43.516075,2.6224241256713867,823.2230166015331,6.090857,1746.8809,0.21793744,47.708214,2.0908570289611816,677.5368593749706,6.023207118984049,1716.9323430582983,1.1974568777145649,339.2860710024634,2.0232071189840486,647.588343058269,3.4440450076282025,891.4148104922084,0.5604011958029452,185.13407099567686,0.5559549923717975,177.92918950782098,5.719550375735833,1610.7269098849438,0.49904823362493,147.199866060612,1.7195503757358326,541.3829098849144,5.045383,1433.4164,0.88111436,244.67807,1.0453829765319824,364.0723818359081,True,3,medium_3_5
2,24,23,11.0,3081.528000000038,11.58233,3312.7512,0.27647242,109.78183,0.5823297500610352,231.223220703087,12.443703,3559.847,0.46496803,153.15935,1.4437026977539062,478.318923828087,12.143433,3448.0261,0.11810389,17.923107,1.1434326171875,366.498123046837,11.777583,3397.559,0.39702725,172.33138,0.777583122253418,316.031082031212,8.661550057878198,2481.0701541994044,1.0001834769709605,285.0034298559177,2.3384499421218017,600.4578458006335,10.327110001120827,2948.108878621955,0.3283639101593329,109.340329190534,0.6728899988791728,133.41912137808322,9.06535735244548,2606.636885911128,0.35118415256406066,82.18588682679902,1.9346426475545204,474.89111408890994,8.757112,2508.5305,0.77286166,178.96487,2.2428884506225586,572.997482421913,True,3,medium_3_5
2,23,20,12.0,3422.2319999999836,11.64043,3339.0645,0.20318238,49.596237,0.3595695495605469,83.1675468749836,12.859024,3696.3816,0.9638098,269.20016,0.8590240478515625,274.1495917968914,11.969984,3434.19,0.29690146,114.44475,0.030015945434570312,11.9579414062664,11.990053,3489.1348,0.38034472,129.53853,0.009946823120117188,66.9027656250164,13.896603212450543,3994.4665567410448,1.3017920304570207,372.2985166789023,1.8966032124505432,572.2345567410612,11.847749912074327,3365.155334047596,0.5097288032574336,151.3107457409052,0.15225008792567252,57.07666595238743,12.505103795619323,3602.663582482658,0.2499988694769266,74.5497099101482,0.5051037956193234,180.43158248267446,12.829706,3683.183,0.24988315,120.50467,0.8297061920166016,260.9511054687664,True,6,high_gt5
2,20,22,11.0,3071.988000000006,11.129876,3175.8152,0.22764099,57.85061,0.12987613677978516,103.8271855468688,12.14577,3487.1372,0.6950422,222.85863,1.1457700729370117,415.1492070312438,11.736798,3333.024,0.14498188,34.258915,0.7367982864379883,261.0359257812438,11.153635,3248.617,0.16476199,94.76183,0.15363502502441406,176.6289433593688,9.813671844739448,2816.334638656344,1.2432251750074903,361.5826418732722,1.1863281552605525,255.65336134366225,11.646153465546567,3285.961103894704,0.43560715619965173,154.50953186085974,0.6461534655465666,213.97310389469794,9.606631382716616,2754.3571632165063,0.2987335316247025,77.38295549124602,1.3933686172833841,317.63083678349994,9.313996,2676.2263,0.9328386,239.14037,1.6860036849975586,395.7616816406312,True,3,medium_3_5
2,22,19,18.0,5287.031999999983,16.31057,4636.382,1.1121379,335.01242,1.6894302368164062,650.6501640624829,13.908958,3974.862,1.4877796,462.97507,4.091041564941406,1312.1699394531079,14.973402,4292.329,1.1177765,282.69028,3.0265979766845703,994.7028984374829,15.432492,4421.737,0.50521606,74.419945,2.567507743835449,865.2951835937329,17.989923837667067,5163.521744803494,1.3376057612240277,371.43145967496935,0.010076162332932626,123.5102551964892,15.86587680656796,4548.19888070007,0.8050416934219082,242.81395919622605,2.134123193432041,738.833119299913,14.227545456217777,4110.490811649817,0.4879573975071457,150.09486463847068,3.7724545437822226,1176.5411883501656,16.224415,4754.9478,0.62191576,190.91159,1.7755851745605469,532.0842460937329,True,2,low_1_2
2,19,16,10.0,2792.267999999965,10.01298,2810.2744,0.5420238,178.19028,0.012980461120605469,18.006414062534986,6.4576597,1841.5746,0.43647105,136.18535,3.5423402786254883,950.6934150390275,6.8980627,1953.9861,0.42284584,148.30688,3.1019372940063477,838.28191601559,11.031855,3179.896,0.11437451,37.535583,1.0318546295166016,387.627996093785,8.122976249961118,2328.275012390214,1.3444414092886143,388.86591827995744,1.877023750038882,463.9929876097508,8.172226454208829,2202.7699499330824,0.5415425698580866,184.18903536207424,1.827773545791171,589.4980500668826,7.6007115817401285,2175.9778134165576,0.26397435597861996,81.09218738505443,2.3992884182598715,616.2901865834074,7.5179152,2126.3757,0.29359478,121.38894,2.4820847511291504,665.89226757809,True,1,low_1_2
2,16,15,5.0,1397.411999999994,5.2776093,1500.8286,0.16404833,52.58803,0.27760934829711914,103.4166132812561,5.3843894,1520.9958,0.55588454,158.95218,0.38438940048217773,123.5838496093811,5.8219957,1648.8832,0.2057092,66.314995,0.821995735168457,251.4711787109436,5.627475,1621.3092,0.06566619,72.206085,0.6274747848510742,223.8972041015686,6.78796258189342,1952.3284217883568,1.3237537712438356,369.0472680116252,1.78796258189342,554.9164217883629,5.5827797341516,1589.75193792425,0.4664885798602143,124.91549400731634,0.5827797341516003,192.339937924256,6.392689958759334,1837.71217570714,0.37525495208419263,121.79431151759186,1.392689958759334,440.3001757071461,6.315751,1786.7932,0.2929002,88.537796,1.315751075744629,389.3812128906311,True,5,medium_3_5
2,15,14,5.0,1380.816000000044,4.9773436,1396.3306,0.413567,96.30246,0.02265644073486328,15.514566406206086,5.369953,1537.3402,0.3663345,113.106,0.3699531555175781,156.5242099608936,5.768796,1659.4567,0.1795176,48.32313,0.7687959671020508,278.6406650390186,5.04045,1461.6798,0.12547326,76.13283,0.040450096130371094,80.86380957026859,6.893174946790419,1994.4591114045174,1.307790446693966,369.18540485491724,1.8931749467904186,613.6431114044735,7.652752306915984,2181.236590165802,0.33995474604891157,106.52820690677258,2.6527523069159837,800.4205901657583,7.481384050523135,2138.3021465250613,0.3705817274411987,95.68633088717145,2.4813840505231353,757.4861465250174,7.054155,2032.8694,0.8209821,218.79054,2.054154872894287,652.0533847655811,True,2,low_1_2
