time_r2,time_mae,time_rmse,time_mape,energy_r2,energy_mae,energy_rmse,energy_mape,model,subset,n
-0.30161970484567946,1.7075883660997664,1.988726962361502,37.56662343499882,-0.2272476942015007,461.03953889973974,547.7179017845709,35.998780690051404,GGNN,unseen,42
0.8651813560620991,1.007685609485792,1.3912916476114239,15.942019459630426,0.8600858303714017,307.38376157013823,415.94558444499273,16.644379545892352,GGNN,seen,46
-0.3683766771360071,1.6779961699531192,2.039087846493963,37.99541072915741,-0.2839306604084806,454.307783993674,560.2238688148379,36.108651192331116,GCN,unseen,42
0.7137449275384118,1.5676888693933901,2.0273082898061148,21.77670304527878,0.7049341871708589,468.35216516643476,604.0391886610253,22.48916726418963,GCN,seen,46
-0.6518591059308347,1.8829233873458135,2.2403692611229062,42.21957171269645,-0.5897996404914452,517.8905448056154,623.3931424860363,40.63002236330065,GAT,unseen,42
0.7574919874793471,1.3774076544720193,1.8659768303425464,21.49065277238147,0.7552810258153035,402.7897326766259,550.0972709396311,21.703210442509167,GAT,seen,46
0.018422715679594415,1.4357309568495977,1.7270119956394083,28.19527322427846,0.023483074709916507,400.53794317336457,488.57440396717476,27.61778991806399,GraphSAGE,unseen,42
0.8372524352973564,1.1548442529595417,1.528623211920524,17.454759269330697,0.8289690330124059,346.3930788255761,459.87843445046474,18.17889634420742,GraphSAGE,seen,46
-0.7781016869663417,1.9031628064329609,2.324402861671023,39.6617816400198,-0.6701647672698194,521.7916881482976,638.9553079859618,37.35709311271667,Ridge,unseen,42
0.6626435843057947,1.8411794104770056,2.200836031344606,28.07868888706751,0.6854418614958208,528.3847955515813,623.6718348880848,28.16360122704455,Ridge,seen,46
-0.4618771944693132,1.6281219787896237,2.1076017474968753,37.049787230902844,-0.26348639664369733,434.8336679710134,555.7456968024945,34.28451043462622,SVR-RBF,unseen,42
0.6731622267873116,1.5191672720360105,2.1662537230907812,24.68635346249255,0.6879229055883839,446.90038789551875,621.2073928999447,23.85194536025574,SVR-RBF,seen,46
-1.2006757491575382,2.112207950524942,2.5858964698911855,48.36010454130216,-1.0977539840448371,576.8473479435195,716.0908107404296,46.65291975541472,KernelRidge-RBF,unseen,42
0.6778134720655451,1.7192805351684124,2.1507844554285267,26.193762454654994,0.6811348410110369,505.9228407863582,627.9270655009102,26.30126302113157,KernelRidge-RBF,seen,46
-0.2662770271191217,1.6061373466537112,1.9615413535013082,34.280784299494364,-0.11538437000292157,430.13935053943305,522.1593999004238,31.007867878559736,MLP,unseen,42
0.7561794990658959,1.5439204755036726,1.8710194848033288,23.197815993686305,0.7644884656017565,442.06608014180927,539.6494759178576,22.900493518580323,MLP,seen,46
