session,u_node_id,v_node_id,edge_distance,time_s,energy_J,mean_speed,slowdown_idx,std_speed,turn_intensity,mean_power_W,std_power_W,peak_power_W,mean_current,std_current,wheel_diff_mean,stop_ratio,scanner_ratio,obs_t_start
1,25,23,0.9280086159706116,11.0,3070.799999999948,0.22343256728650138,0.25320618524133465,0.07351330241201857,0.26362699856363747,288.0695592286501,3.804685604139983,292.54545454545456,6489.8608815427,88.5564105900299,136.68044077134988,0.0,0.0,4.0
1,23,20,3.1761534214019775,12.0,3403.8,0.2538377124747475,0.1515810075012174,0.061273272777219806,0.1284347927272749,290.0238636363636,3.6992402845259877,295.0,6536.758964646466,86.17702413194485,85.11212121212121,0.0,0.0,13.0
1,20,21,0.9051191210746765,12.0,3379.3200000000425,0.2140568188510101,0.2845433847614922,0.08199512502238558,0.2279843332093647,288.0655303030303,2.7068035960248977,291.27272727272725,6492.854924242424,66.75155491988873,149.35896464646467,0.0,0.0,22.0
1,21,14,4.371143817901611,17.0,4958.639999999979,0.26061105766488407,0.1289419967488895,0.06754214716834414,0.10448990204072217,291.14973262032083,3.3575299968604946,295.5,6562.442067736185,79.09423154407075,59.33288770053476,0.0,0.0,31.0
1,14,15,0.5930969715118408,7.0,2020.679999999958,0.29887149740259744,0.0010615355740730692,0.0003611865069424259,0.002143641414140992,292.2487012987013,2.1590959107668124,295.5,6589.906926406926,49.12997962792461,0.7238095238095232,0.0,0.0,45.0
1,13,11,0.5543110370635986,4.0,1094.4,0.29865649791666665,0.001780142929389883,0.0002750400896520453,0.0013444444444417059,291.79166666666663,2.0920650351055405,294.0,6589.125,51.1050626704982,1.1041666666666572,0.0,0.0,53.0
1,11,2,3.520909070968628,11.0,3108.6,0.29869768217630854,0.0016424899867616416,0.00048285037741237766,0.001477911515149799,291.49931129476585,1.899961375396215,294.27272727272725,6580.261432506887,45.03154961755359,1.0606060606060623,0.0,0.0,54.0
1,2,11,3.520909070968628,17.0,4908.599999999896,0.266071385197861,0.11069157391346263,0.07047661156193329,0.19849843248106325,288.4852941176471,8.436562244187835,296.1818181818182,6506.920944741532,196.25854152864332,1.6876114081996458,0.5263157894736842,0.0,62.0
1,11,13,0.33970576524734497,10.0,2935.439999999979,0.24027456073484849,0.19691404892396502,0.07377787792678948,1.0549811609427655,289.20469696969695,4.214578008715924,294.25,6528.056818181818,97.27174862919865,93.53363636363636,0.0,0.0,97.0
1,13,9,0.6603029370307922,5.0,1548.719999999937,0.24335591775757576,0.18661502048069778,0.067306435113889,2.4454419499999958,290.10939393939395,3.018371723367146,294.25,6548.042424242425,68.74170750556418,75.68848484848485,0.0,0.0,104.0
1,9,8,0.4701063632965088,5.0,1399.6799999999582,0.2964296357575757,0.009223135268983884,0.0009013752232702319,0.00972105303030446,292.1727272727273,1.3470233823708664,293.90909090909093,6595.327272727273,35.39180358852648,4.0833333333333375,0.0,0.0,107.0
1,8,3,1.5105297565460205,6.0,1687.680000000063,0.2700523704040404,0.09738565721239212,0.05930568088138966,0.005887575757583363,288.4419191919192,7.805076796783853,293.90909090909093,6508.803030303029,182.55905514782805,2.955808080808083,0.0,0.0,109.0
1,3,8,1.5105297565460205,10.0,2885.760000000021,0.24103458927272725,0.19437375402416146,0.08801145467670245,0.35203845984848514,285.20303030303023,9.421984529288734,292.3333333333333,6435.338636363636,221.41751641505974,0.8378787878787932,0.5925925925925926,0.0,112.0
1,8,9,0.4701063632965088,6.0,1868.039999999979,0.29880233472222223,0.0012927026888031046,0.0002538724604141198,0.002638351090905644,291.3522727272727,1.1506820983220445,293.0,6579.936868686868,28.92348896144255,0.5782828282828234,0.0,0.0,136.0
1,9,13,0.6603029370307922,5.0,1378.4399999999791,0.2278222738181818,0.23853417154934187,0.08825601170520543,0.1843448294697012,289.080303030303,4.234602096155434,293.0,6528.372727272727,97.78558870838285,115.95,0.0,0.0,140.0
1,13,11,0.5543110370635986,6.0,1689.1199999999371,0.19394339560606064,0.35176984263811384,0.07507963758068556,0.33667255518181494,288.4318181818182,4.6829029340578,295.3636363636364,6513.094696969696,109.51816460078793,161.03787878787878,0.0,0.0,142.0
1,11,2,3.520909070968628,12.0,3565.4399999999796,0.27459142099747474,0.0822144807396854,0.048892670836651414,0.04972520303030075,290.5997474747475,2.9261469195542493,295.3636363636364,6562.952777777778,68.78197649341196,35.24532828282829,0.0,0.0,145.0
1,2,11,3.520909070968628,16.0,4624.919999999936,0.2763009136505682,0.07650072756927773,0.05559406337537397,0.21167411676767642,287.99261363636367,8.388768301655434,293.5,6507.301609848485,197.5379687857291,0.8591856060606062,0.5384615384615384,0.0,154.0
1,11,12,0.6000833511352539,9.0,2478.239999999979,0.27866795501683506,0.06858920476365504,0.04171075611501142,0.048007600378788595,289.53316498316497,2.7459320948088437,293.27272727272725,6546.477272727273,65.78924705495845,40.60656565656565,0.0,0.0,190.0
1,12,15,0.46141088008880615,6.0,1683.360000000021,0.20658578568181818,0.3095143253381859,0.06559010416422147,0.9397696999999994,288.28409090909093,3.859806355773703,295.72727272727275,6517.049242424243,89.81421576252801,165.71843434343435,0.0,0.0,196.0
1,15,16,0.6603029370307922,5.0,1542.960000000021,0.22180768024242425,0.2586371553498341,0.07477489881076164,2.079982312499993,290.92878787878783,3.8832496828266962,295.72727272727275,6579.624242424243,87.5774476349453,131.4257575757576,0.0,0.0,199.0
1,16,18,0.4601086974143982,5.0,1407.6,0.29700651651515153,0.0072949876097462285,0.003152652582448834,0.004983416666668461,292.430303030303,0.7541041669306655,293.75,6609.360606060606,16.52957849146794,4.154545454545451,0.0,0.0,202.0
1,18,4,1.4703060388565063,7.0,1982.1600000000212,0.25216638551948056,0.15716719687276204,0.0762042596601626,0.003544799242424309,285.430735930736,10.405975567197277,292.5,6446.032467532467,242.12471385926438,0.67316017316017,0.0,0.0,204.0
1,4,18,1.4703060388565063,9.0,2586.239999999979,0.2593951149158249,0.13300612462033656,0.06877089716468834,0.39344972859849037,285.9882154882155,9.112560574131251,292.09090909090907,6463.030303030303,213.9255071035983,1.9806397306397292,0.65625,0.0,208.0
1,18,16,0.4601086974143982,5.0,1391.4,0.29860174060606065,0.0019631620002890093,0.0002964521825806765,0.0017136958106078737,291.12303030303025,1.0994340308750274,292.6,6583.028484848485,17.46200110127618,0.8878787878787875,0.0,0.0,237.0
1,16,15,0.6603029370307922,5.0,1536.480000000063,0.22620232787878786,0.24394862666873174,0.08386596004945561,0.19370428868181477,286.65030303030306,4.589232257023749,292.6,6479.337575757576,108.01426732275166,129.6878787878788,0.0,0.0,240.0
1,15,12,0.5789593458175659,5.0,1382.4,0.19425634,0.35072386737767813,0.06701448498640293,0.38907983,285.9454545454545,4.647437754930171,293.6363636363636,6462.6909090909085,111.96991331426173,181.2,0.0,0.0,242.0
1,12,13,0.5721194744110107,3.0,779.039999999979,0.2382761272727273,0.20359354854590317,0.041109379685209314,0.1280162272727381,292.6969696969697,5.717082484937375,299.1818181818182,6619.515151515152,136.63779174909104,101.15151515151517,0.0,0.0,245.0
1,13,11,0.5543110370635986,3.0,935.280000000063,0.28998876060606055,0.03075090887513221,0.009222228170960814,0.01534154545454669,294.22727272727275,3.649030966879453,299.1818181818182,6659.671717171717,84.61215313123985,16.631313131313135,0.0,0.25,247.0
1,11,2,3.520909070968628,11.0,3248.640000000084,0.2878866460055096,0.037776948993949566,0.022998081494318104,0.004938802424243249,290.43305785123965,2.0276535710437313,293.0,6570.0608815426995,46.742098180404845,1.5840220385674941,0.0,0.3076923076923077,248.0
1,2,11,3.520909070968628,16.0,4461.479999999958,0.2747251566429924,0.08176748702655634,0.05981650895116295,0.21142290686868628,288.14469696969695,8.160730505470706,293.45454545454544,6515.906439393939,189.9872333106168,0.6169507575757578,0.5384615384615384,0.0,258.0
1,11,13,0.33970576524734497,10.0,2773.439999999979,0.2366823779848485,0.2089204448212244,0.07479430728707513,0.4711576649831607,289.18484848484843,4.660793234212875,297.6363636363636,6543.448484848484,111.82619586129223,100.96515151515152,0.0,0.0,294.0
1,13,9,0.6603029370307922,5.0,1386.7200000000419,0.2039921066060606,0.3181833547226134,0.068767825917454,2.866187325757565,288.53333333333336,5.022981162740787,297.6363636363636,6531.021212121212,119.49145517744111,153.4030303030303,0.0,0.0,301.0
1,9,7,0.3465544581413269,5.0,1538.6400000000838,0.1887250654969697,0.36921142108017235,0.07490904814008646,1.566509080303021,287.48909090909086,3.6122786217481355,294.3333333333333,6506.915454545455,84.24626242836945,187.08636363636361,0.0,0.0,304.0
1,7,1,3.510911464691162,12.0,3561.479999999958,0.2652945116464646,0.11328817104376587,0.06571091183699491,0.07821375151515429,290.21578282828284,2.5147350770567938,294.3333333333333,6570.8997474747475,57.643519185719114,56.477904040404034,0.0,0.0,306.0
1,1,7,3.510911464691162,16.0,4622.760000000022,0.27951789896780305,0.06574837948387147,0.04816944121069016,0.21225022121212003,289.4105113636364,6.5691162801404195,293.6363636363636,6553.273295454546,154.69686203535838,1.4184659090909122,0.5526315789473685,0.0,315.0
1,7,9,0.3465544581413269,10.0,2778.839999999979,0.2390853802121212,0.2008887275922967,0.07527814926976255,0.18161794292929143,289.5310606060606,3.940175403259107,293.27272727272725,6559.334090909091,91.4504392195471,102.31666666666668,0.0,0.0,350.0
1,9,13,0.6603029370307922,6.0,1682.2799999999581,0.18676220005050506,0.37577203931244496,0.0715156695636801,0.25419703923636805,287.8636363636363,4.276119793661756,293.27272727272725,6520.420454545455,99.02735271308215,188.01262626262624,0.0,0.0,357.0
1,13,11,0.5543110370635986,6.0,1854.7199999999373,0.2030239259848485,0.3214193704398891,0.07515484163255323,0.3126586179515186,289.5530303030303,5.44537493688402,298.1666666666667,6557.801767676768,125.86965496751459,162.2007575757576,0.0,0.0,360.0
1,11,2,3.520909070968628,12.0,3561.839999999979,0.27586301388888895,0.07796434962526488,0.051659690127781925,0.04064110227272977,290.46590909090907,3.2583398504863235,298.1666666666667,6582.4741161616175,74.25767091552814,39.023358585858595,0.0,0.0,363.0
1,2,11,3.520909070968628,16.0,4602.2400000000835,0.27137800405776513,0.09295490199501077,0.062075967749009975,0.2117416886868663,287.87130681818184,8.360453639119598,294.0,6522.761931818182,194.86020143612976,1.0037878787878753,0.43333333333333335,0.0,372.0
1,11,13,0.33970576524734497,7.0,2019.960000000021,0.2980992858225108,0.003642550681661527,0.0006553446401916792,0.0033709656565624377,291.17359307359305,1.2840094298282987,293.0833333333333,6601.409090909091,31.05765756251364,1.652597402597402,0.0,0.0,399.0
1,15,14,0.3606937825679779,4.0,1085.040000000084,0.29850020018939394,0.0023025474177132965,0.0003454685322030583,0.002826005050508229,291.43939393939394,1.990421276891941,294.0,6607.873106060606,43.58272540351823,0.9734848484848442,0.0,0.0,407.0
1,14,21,4.371143817901611,14.0,4180.320000000042,0.2984987023809524,0.002307553644394722,0.0005574689237617424,0.0019371404428887638,290.88041125541133,1.9601859503171761,294.0,6595.587121212121,44.341442609007544,1.133658008658013,0.0,0.0,408.0
1,21,20,1.1300442218780518,12.0,3514.3200000000415,0.21259034488636364,0.28944488009676406,0.0774363491063135,0.7190081026170777,285.7260101010101,4.868729272574049,293.5833333333333,6476.604797979798,112.35805957625891,151.17171717171715,0.0,0.0,419.0
1,20,23,3.203617572784424,12.0,3397.6799999999585,0.2544682714015151,0.14947344765857773,0.0652651626653016,0.13488282644628022,289.9400252525253,4.425222211382764,297.1666666666667,6576.871212121212,103.37508070978186,79.73863636363637,0.0,0.0,428.0
1,23,25,0.9280086159706116,11.0,3213.360000000021,0.22579027102617086,0.24532587221802848,0.07428919825045088,0.24428511136363512,286.44765840220384,5.327344353845036,292.6363636363636,6496.673553719008,122.96364962477317,126.79545454545456,0.0,0.0,437.0
1,26,29,0.43908995389938354,10.0,2930.760000000021,0.24144133545454544,0.1930142586898531,0.07221479188702637,0.44273619444444673,288.63257575757575,4.399033423864736,294.3333333333333,6551.601515151515,101.66595973651168,97.77878787878788,0.0,0.0,469.0
1,29,5,1.2717328071594238,7.0,1990.8000000000002,0.20850841004329004,0.30308820761197985,0.07795264735741547,1.072402648989898,287.00757575757575,8.624415483808772,299.5,6517.51948051948,200.84331779470955,110.1147186147186,0.0,0.0,476.0
1,5,29,1.274154543876648,7.0,1971.0000000000002,0.22010443584415587,0.2643300245546093,0.06661464994224837,0.5548332336363634,284.961038961039,8.19851933861166,295.3636363636364,6463.779220779221,189.3465420964407,81.64935064935064,0.59375,0.0,481.0
1,29,26,0.6646413803100586,8.0,2309.760000000021,0.22362799448863635,0.2525529956568331,0.0676379265446531,0.2360168287445877,287.08333333333337,5.290108716233385,295.3636363636364,6513.344696969697,124.58170478818009,132.09280303030303,0.0,0.0,510.0
1,25,23,0.9280086159706116,13.0,3672.0000000000005,0.21525313369463867,0.28054486056882066,0.07682187069105746,0.2359671773636336,286.79254079254076,3.975450840863898,293.54545454545456,6516.80303030303,91.80440556102148,145.96386946386946,0.0,0.0,533.0
1,23,20,3.1761534214019775,12.0,3394.0799999999585,0.2642221299242424,0.11687246516409844,0.055429932186178935,0.10071110220385487,288.93686868686865,3.1025407090218318,293.1666666666667,6565.089646464648,69.1209681362003,65.60353535353535,0.0,0.0,543.0
1,20,21,0.9051191210746765,12.0,3511.8,0.2099999153409091,0.29810304835579393,0.07591430432353931,0.2656144889256211,285.5265151515152,4.901560523887242,291.90909090909093,6486.284090909091,116.70009345433834,155.93118686868686,0.0,0.0,552.0
1,21,14,4.371143817901611,16.0,4631.039999999979,0.2662559877367424,0.11007456433469065,0.06153436010785616,0.08236958363636594,289.2907196969697,3.2560700305767005,294.8333333333333,6578.124053030303,76.45278266847713,57.7874053030303,0.0,0.0,561.0
1,14,15,0.5930969715118408,7.0,2009.5199999999375,0.29830426404761895,0.0029574380656716137,0.0005603947946896241,0.0024236767676768523,290.41969696969693,1.5224303516159488,293.0,6603.311255411255,36.73122664964976,1.664285714285711,0.0,0.0,574.0
1,15,12,0.5789593458175659,3.0,932.039999999979,0.2987378575757576,0.001508209025940288,0.00010152698031492605,0.0011758636363765618,290.9646464646465,1.1824870765274635,292.6363636363636,6614.00505050505,23.851854822457693,0.510101010101001,0.0,0.0,580.0
1,12,11,0.6000833511352539,5.0,1401.8400000000838,0.2986940509090909,0.0016546270173243283,0.0005282532968564163,0.0016719545454577656,290.9060606060606,2.043610841351822,293.3636363636364,6614.912121212122,45.40883802924509,0.8333333333333257,0.0,0.0,581.0
1,11,2,3.520909070968628,11.0,3092.0399999999795,0.2986420768595041,0.0018283434062588144,0.00048088430581218574,0.0014982272727252165,290.27823691460054,1.8648092876328397,293.3636363636364,6602.687327823692,43.646819355290354,1.0778236914600567,0.0,0.0,583.0
1,2,11,3.520909070968628,17.0,4900.320000000042,0.2768520506060606,0.0746586251647573,0.0526283959100002,0.1984314204545452,287.68627450980387,6.982590501021089,292.45454545454544,6541.431372549019,163.21225774131503,1.2754010695187177,0.6086956521739131,0.0,591.0
1,11,13,0.33970576524734497,9.0,2604.6000000000004,0.23297477260942762,0.22131262558321652,0.07792253497385175,0.5177878863636387,288.69360269360266,3.5386116140046733,293.27272727272725,6565.724747474747,83.58069592527897,115.73737373737374,0.0,0.0,634.0
1,13,9,0.6603029370307922,6.0,1676.1600000000208,0.18792781856060606,0.3718761135560379,0.07076721702495074,1.5304854090909146,286.14267676767673,4.955202626594099,293.27272727272725,6505.820707070707,117.47119407260304,191.96338383838383,0.0,0.0,640.0
1,9,10,0.3252691328525543,5.0,1526.039999999979,0.1857446122878788,0.379173191867475,0.0711821766692956,0.383377178030301,284.9166666666667,5.081932020191863,291.1666666666667,6477.666666666667,120.18139068369393,191.48787878787874,0.0,0.0,643.0
1,10,17,0.4242011308670044,4.0,1069.2,0.16922285445075755,0.4343949829946455,0.05352259705561199,0.2580497474747479,286.95833333333337,4.489764594175412,291.5,6527.492424242425,103.94893083952977,224.14393939393943,0.0,0.0,646.0
1,17,16,0.5902379155158997,5.0,1386.0000000000002,0.18069689545454545,0.3960445179931462,0.06471159624303213,0.38336811163636497,288.7,4.818662068689956,296.8181818181818,6570.445454545455,111.87544875019667,208.04545454545456,0.0,0.0,648.0
1,16,15,0.6603029370307922,6.0,1835.280000000063,0.18017296247474748,0.3977956947057133,0.07725780022189473,0.31382922218181764,287.3560606060606,5.71357288040397,296.8181818181818,6537.66414141414,134.2920942427912,204.9242424242424,0.0,0.0,650.0
1,15,12,0.5789593458175659,4.0,1055.879999999958,0.1699077403030303,0.4321058425864025,0.07701379060315043,0.41182304766666294,283.40909090909093,5.78800769331307,292.72727272727275,6443.723484848485,137.10628345613577,203.0568181818182,0.0,0.0,653.0
1,13,9,0.6603029370307922,4.0,1212.4800000000628,0.2055353915719697,0.31302512877127686,0.07743955376488508,0.12728801767677092,284.3693181818182,7.634408147215117,293.72727272727275,6466.382575757576,177.85875660758796,102.98674242424242,0.375,0.0,664.0
1,9,10,0.3252691328525543,5.0,1370.5200000000418,0.1754945024090909,0.4134328289071375,0.07271804645566843,0.40273136363636297,285.95454545454544,4.232889718844654,292.27272727272725,6503.916666666666,100.73246622646597,204.9909090909091,0.0,0.0,678.0
1,10,17,0.4242011308670044,4.0,1071.0,0.1597314188257576,0.46611885165001965,0.053676594730000304,0.3153196515151535,285.875,3.8955069212560294,292.27272727272725,6502.535984848485,95.12399255963531,229.28030303030306,0.0,0.0,680.0
1,17,16,0.5902379155158997,4.0,1222.2,0.15594691119318183,0.47876806803883076,0.051943330681165335,0.48513973393939597,286.9261363636364,5.265850114434126,296.0,6530.034090909091,123.1732023781589,234.8920454545454,0.0,0.0,683.0
1,16,15,0.6603029370307922,6.0,1679.759999999916,0.17556205205808084,0.41320705313654393,0.07441732893260672,0.27267707041212363,288.13762626262627,6.294614891110089,297.8333333333333,6558.849747474748,146.97816728277286,203.77777777777774,0.0,0.0,684.0
1,15,12,0.5789593458175659,4.0,1065.239999999979,0.18503605553030306,0.38154144914701704,0.07388125462872672,0.37730656640403976,286.8939393939394,6.392996842778207,297.8333333333333,6530.899621212121,148.6710404379187,203.18371212121215,0.0,0.0,687.0
1,12,13,0.5721194744110107,4.0,1051.2,0.12854009229166666,0.5703717365927432,0.038096636389988156,0.9862682045454582,279.7594696969697,8.32309697576007,286.0,6354.787878787879,190.79967914538912,218.1193181818182,0.4666666666666667,0.0,691.0
1,13,9,0.6603029370307922,6.0,1680.480000000063,0.1894758983080808,0.36670186168126595,0.06905254540549619,2.483487284848491,286.2563131313131,4.877302334899251,296.0,6508.006313131314,115.39666475253551,188.86363636363637,0.0,0.0,703.0
1,9,10,0.3252691328525543,4.0,1220.760000000021,0.21031898369318183,0.29703660457431524,0.06763692716623677,1.7923346590909073,285.9166666666667,4.3700828329612,292.1666666666667,6505.371212121213,99.83375859928653,148.80871212121212,0.0,0.0,707.0
1,10,17,0.4242011308670044,3.0,767.8800000000629,0.2261354031818182,0.24417231361982616,0.07099605830716796,0.21114927272726902,288.23737373737373,3.5606669526994685,292.1666666666667,6560.987373737374,77.93324853960544,121.72222222222223,0.0,0.0,709.0
1,17,19,0.5200961232185364,3.0,731.160000000021,0.18182148499999998,0.3922857261263777,0.08105409171908977,0.004285583333327736,273.3333333333333,11.145502331533658,289.0,6214.11111111111,258.2947760951133,4.805555555555557,0.0,0.0,712.0
1,19,22,4.365736484527588,16.0,4567.679999999958,0.26674790045454544,0.10843041111424556,0.06659041449689801,0.0032270863636388943,285.37310606060606,8.675529008396435,291.54545454545456,6495.179450757576,202.84303447799212,1.4678030303030285,0.2916666666666667,0.0,713.0
1,22,20,0.9209777116775513,11.0,3046.6799999999585,0.21045742410468324,0.29657388580293165,0.07794999499155751,0.24463631633333308,284.8415977961432,3.5505785395417844,291.5,6486.38567493113,83.71710819036986,157.61914600550963,0.0,0.0,734.0
1,20,23,3.203617572784424,13.0,3520.0799999999585,0.22955060868764574,0.23275744076196137,0.07391974869554531,0.11694251736111265,285.79382284382285,8.634275101440185,293.0,6507.820046620046,201.0268250695055,81.7665501165501,0.4230769230769231,0.0,743.0
1,23,25,0.9280086159706116,11.0,3185.279999999958,0.2204009807024793,0.2633388625736862,0.07654720739130527,0.263861178030308,285.8526170798898,4.299372261284277,291.5,6511.376721763087,99.62813826968444,132.18939393939394,0.0,0.0,766.0
1,26,29,0.43908995389938354,10.0,2909.520000000042,0.24606066042424243,0.17757477572805846,0.0695384367494006,0.6713975622895639,287.33393939393943,3.864777739906878,292.8333333333333,6547.105454545455,88.69198185652515,89.26151515151516,0.0,0.0,861.0
1,29,5,1.2717328071594238,8.0,2248.5600000000213,0.19856181136363638,0.336333398597622,0.08324034708237589,1.6498934166666612,281.97916666666663,11.092231632470703,294.27272727272725,6423.297348484848,259.59418272206983,86.29924242424244,0.0,0.0,868.0
1,5,29,1.274154543876648,9.0,2395.079999999958,0.19535341536195283,0.3470570380314444,0.0716617106783434,0.4129800232765177,279.91329966329965,10.565360889159475,293.5,6378.623737373737,247.74259958352582,64.75,0.6060606060606061,0.0,873.0
1,29,26,0.6646413803100586,8.0,2306.519999999937,0.22003687075757575,0.2645558519233069,0.06438060062889116,0.2410944486255419,289.39204545454544,5.4567924007274975,295.5,6601.26893939394,128.20144419340076,130.1590909090909,0.0,0.0,903.0
1,25,23,0.9280086159706116,13.0,3655.0800000000622,0.21724290244755243,0.2738943215917937,0.07611253651947303,0.24181017035353847,286.07808857808857,3.8944624563834815,290.72727272727275,6532.705128205127,89.91584534063387,142.32634032634033,0.0,0.0,926.0
1,23,20,3.1761534214019775,12.0,3378.2399999999793,0.2615379869949495,0.12584385801818398,0.057149379399167206,0.10484019111570123,288.6660353535353,3.6082250665216806,296.09090909090907,6590.269570707071,83.96160373417125,72.79482323232322,0.0,0.0,936.0
1,20,22,0.9209777116775513,11.0,3195.360000000021,0.217368225,0.2734754475299046,0.07704635000112198,0.5733576893939414,285.2809917355372,3.568468335173409,290.1818181818182,6515.128787878788,82.72094642507756,139.7789256198347,0.0,0.0,945.0
1,22,19,5.032394886016846,18.0,5075.6399999999785,0.25863397104377106,0.1355501473771551,0.06466893435165945,0.1643328645276286,289.01641414141415,3.0307578046794568,293.0,6605.950336700337,73.31289681977526,59.66498316498317,0.0,0.0,953.0
1,19,17,0.5200961232185364,7.0,2003.7600000000207,0.29877287965367966,0.0013911523609705378,0.00043772865009534433,0.0033596035353535094,289.9664502164502,2.5695872654556315,293.0,6628.727272727273,58.975272718384296,0.8008658008658033,0.0,0.0,968.0
1,9,7,0.3465544581413269,4.0,1084.679999999958,0.2988039660984848,0.0012872500293397149,0.0002489326489980538,0.003990515151504799,290.10795454545456,1.4148868154072276,292.25,6634.962121212121,33.1679947337137,0.6325757575757649,0.0,0.0,976.0
1,7,1,3.510911464691162,10.0,2932.920000000042,0.2986695514393939,0.0017365132555607898,0.0002553982560827347,0.0021828686868635336,289.1704545454546,1.7162100879891435,292.25,6615.787121212122,39.4770551580684,0.6954545454545666,0.0,0.0,977.0
1,1,7,3.510911464691162,17.0,4883.03999999998,0.2769214380659536,0.0744267067542086,0.05694241596947283,0.19884991344697056,285.8611408199644,8.260662458320407,292.6363636363636,6536.6730837789655,194.56194721569184,1.290552584670235,0.5,0.0,984.0
1,7,10,0.48010414838790894,7.0,1999.439999999979,0.2983967104978355,0.002648448028737649,0.0003763525816736251,0.0028732626262619,288.41450216450215,2.5958495537381707,292.6363636363636,6595.444805194805,59.04791763787469,1.4534632034632051,0.0,0.0,1019.0
1,10,17,0.4242011308670044,3.0,759.960000000021,0.2394900722222222,0.19953609805535832,0.060646234787759885,0.12021174999999573,286.4444444444445,1.2644229640823328,287.5,6552.777777777777,27.67748561333816,107.16666666666667,0.0,0.0,1025.0
1,17,18,0.35468295216560364,5.0,1520.280000000063,0.17481058666666666,0.41571872685147604,0.058908796544810835,1.290449831439389,285.9969696969697,3.6352826676149723,292.3333333333333,6538.445454545455,87.27312110601396,195.41818181818184,0.0,0.0,1026.0
1,18,4,1.4703060388565063,8.0,2270.8799999999583,0.20992901181818183,0.29834003400591824,0.07999292925348296,1.3685785692640633,284.8162878787879,9.845560281092315,295.8333333333333,6511.638257575758,235.81244072169292,86.29640151515152,0.0,0.0,1028.0
1,4,18,1.4703060388565063,9.0,2569.320000000042,0.24596990887205386,0.17787810079242683,0.07711711893621914,0.394318117897722,283.1666666666667,8.666401775990044,291.0,6468.76430976431,203.4177385456353,5.487373737373736,0.6153846153846154,0.0,1033.0
1,18,17,0.35468295216560364,7.0,1985.759999999916,0.2185509913852814,0.2695222072679333,0.07773765549678009,0.2652546601010073,285.2099567099567,3.5091420172450225,289.3333333333333,6522.482683982684,84.0522747444319,134.4199134199134,0.0,0.0,1056.0
1,17,10,0.40302029252052307,3.0,924.839999999979,0.2330034262626263,0.22121685453587592,0.05888090679758381,0.13485542424241714,286.77777777777777,4.161297428217919,290.09090909090907,6562.49494949495,99.55075192562995,100.7020202020202,0.0,0.0,1061.0
1,10,7,0.48010414838790894,4.0,1082.5200000000418,0.29542071268939396,0.012595327228445696,0.0018703304014660855,0.007828000000008236,288.6458333333333,1.111668212896602,290.09090909090907,6608.545454545454,27.307477860605296,7.450757575757578,0.0,0.0,1063.0
1,7,1,3.510911464691162,11.0,3085.5600000000213,0.2980531665977962,0.003796698092563222,0.0011050277206822202,0.004392309090908953,289.14600550964184,1.2872632255579322,291.0,6617.694903581267,30.646899166640566,2.347796143250693,0.0,0.0,1064.0
1,1,7,3.510911464691162,16.0,4434.839999999979,0.28228118700757576,0.05651245456226972,0.04904880598755577,0.21203913636363722,285.9055871212121,8.206013637186508,290.8,6542.204356060606,194.0811205608321,1.4600378787878743,0.8,0.0,1072.0
1,7,8,0.3471311032772064,9.0,2601.0000000000005,0.2360268137205387,0.2111115816984891,0.0775853824984491,0.6979404215909106,286.06851851851854,4.324425858197773,294.2,6548.821043771043,103.64857871100583,106.22861952861952,0.0,0.0,1159.0
1,8,3,1.5105297565460205,8.0,2280.2400000000844,0.22378099776515148,0.2520416024345872,0.08057777431830342,1.4821456259740273,284.63863636363635,9.235493644652808,297.54545454545456,6517.5259469696975,217.15676010757986,88.97973484848484,0.0,0.0,1165.0
1,3,8,1.5105297565460205,10.0,2851.9199999999373,0.24654189432575757,0.1759663150391435,0.07303385856126667,0.3574410019865297,281.6128787878788,9.348335327373592,290.54545454545456,6448.086363636363,221.42403266264415,16.526515151515145,0.5714285714285714,0.0,1170.0
1,8,7,0.3471311032772064,7.0,1983.6,0.21542291917748918,0.2799773750407777,0.07840094370754654,0.2603944581060584,285.58658008658006,5.9484189884044465,297.5,6538.491341991343,140.7900959425594,135.17099567099567,0.0,0.0,1195.0
1,7,1,3.510911464691162,12.0,3389.4,0.27341924746212115,0.08613231580131897,0.05509597705567233,0.04203645771349587,288.511994949495,3.725811513402106,297.5,6613.736531986532,87.25331688946856,40.85984848484848,0.0,0.0,1199.0
1,1,7,3.510911464691162,16.0,4417.919999999936,0.27527161700757574,0.0799410155088286,0.05671557229154184,0.21186258451178144,285.91319444444446,7.29873323212941,290.90909090909093,6553.306818181818,170.17939176544706,1.183712121212114,0.6326530612244898,0.0,1208.0
1,7,8,0.3471311032772064,10.0,2905.2,0.23801504781818186,0.20446617210379792,0.07594908419064382,0.7515730757575751,286.4833333333333,3.583046307935717,290.0,6571.472727272728,84.88575204301465,104.29090909090908,0.0,0.0,1254.0
1,8,3,1.5105297565460205,8.0,2261.880000000063,0.2184197598863636,0.26996083120214087,0.07871058605136119,1.1131781406926433,282.9375,8.520725985569898,290.0,6488.428030303031,202.10128857213172,80.15340909090908,0.0,0.0,1261.0
1,3,8,1.5105297565460205,9.0,2578.679999999958,0.26353941299663297,0.11915435622842108,0.06287289596215488,0.39438223909091263,283.29713804713805,7.911346365079487,289.09090909090907,6497.78872053872,188.42157231846707,2.8703703703703716,0.6071428571428571,0.0,1266.0
1,8,9,0.4701063632965088,5.0,1532.8800000000629,0.29881393575757575,0.0012539277619783018,0.00032897695715287294,0.0027046684090947792,288.8545454545455,2.2698891369877208,292.3636363636364,6627.236363636364,52.44799391888777,0.7393939393939377,0.0,0.0,1291.0
1,9,13,0.6603029370307922,4.0,1044.7200000000419,0.24719066931818184,0.17379787040550476,0.08426085345795771,0.002451335757579424,280.6818181818182,11.665712278948376,292.3636363636364,6430.704545454545,275.15003701962473,0.18181818181817277,0.0,0.0,1294.0
1,13,12,0.42438191175460815,6.0,1640.159999999916,0.16578160136363637,0.44589691644907314,0.07317581754253412,0.33355523399999926,278.4166666666667,7.325585219369465,286.0,6380.585858585859,175.3409557699786,167.12247474747474,0.42857142857142855,0.0,1296.0
1,12,15,0.46141088008880615,5.0,1521.0,0.1786522866666667,0.40287835253630466,0.046617657338531314,0.4276707920454612,284.8378787878788,3.360917547113303,290.9166666666667,6537.080303030302,81.57707510530429,226.9363636363636,0.0,0.0,1308.0
1,15,16,0.6603029370307922,6.0,1630.8,0.1672404966919192,0.4410207517038285,0.07235512293576761,0.21467860909091882,278.1957070707071,10.847991440188329,290.9166666666667,6379.271464646464,259.9107962813044,126.71843434343435,0.0,0.0,1310.0
1,16,18,0.4601086974143982,6.0,1798.1999999999998,0.22424785171717174,0.2504812048255972,0.08549879871772151,0.0058850515151561925,279.8989898989899,11.916573287075185,292.0,6415.398989898989,282.17068058235265,2.707070707070706,0.38461538461538464,0.0,1314.0
1,18,4,1.4703060388565063,6.0,1674.0,0.2667376106060606,0.1084648035723218,0.07072253874117658,0.0046269212121160305,284.39444444444445,9.745855376554301,292.0,6523.195454545454,230.84201088104226,1.4772727272727242,0.0,0.0,1324.0
1,4,18,1.4703060388565063,10.0,2712.5999999998953,0.2564103888181818,0.14298217697268,0.07676841809337015,0.3495203039629631,282.7822727272727,10.099214528413047,290.75,6487.204848484847,239.1135676600524,1.9681818181818158,0.5555555555555556,0.0,1327.0
1,18,16,0.4601086974143982,5.0,1334.8800000000629,0.2251645509545454,0.2474172588271304,0.09052314145685446,0.0008981990227354686,278.8972727272727,12.391838689867724,290.75,6394.334242424242,289.6686407215101,0.8257575757575779,0.0,0.0,1351.0
1,16,15,0.6603029370307922,6.0,1629.360000000021,0.18030241231060606,0.3973630257447164,0.08208269619759447,0.12272280796970562,277.76262626262627,10.338866178737927,289.5,6368.641414141413,241.83985544322084,95.07575757575758,0.2727272727272727,0.0,1354.0
1,15,12,0.5789593458175659,6.0,1774.8,0.14779292446969697,0.506021690573251,0.07277282246534808,0.31676457683333864,276.71843434343435,8.364876500827405,287.1666666666667,6345.728535353536,196.6621602852074,153.24873737373738,0.0,0.0,1362.0
1,12,13,0.5721194744110107,6.0,1786.3199999999372,0.13266460805555555,0.5565860879795881,0.05800185829405244,1.215952530303025,277.65277777777777,9.377733676195046,290.5,6369.233585858586,221.935042732891,180.06944444444446,0.18181818181818182,0.0,1366.0
1,13,9,0.6603029370307922,5.0,1343.1600000000212,0.1628600341212121,0.45566186867846903,0.0641502411257094,2.6908756268939342,278.5090909090909,9.370668145207327,290.5,6390.784848484848,222.11113053312602,145.56666666666666,0.0,0.0,1374.0
1,9,8,0.4701063632965088,6.0,1654.2000000001049,0.245421295479798,0.1797117685204851,0.06978922572830916,0.004653759090916765,281.5214646464646,9.752022167006235,289.8181818181818,6463.645202020202,230.6969720361647,3.843434343434341,0.42857142857142855,0.0,1377.0
1,8,3,1.5105297565460205,6.0,1675.4399999999791,0.27189266752525254,0.09123470740176243,0.05472993672281826,1.2555273909090943,284.2739898989899,8.81413529707244,289.8181818181818,6528.81691919192,206.707704259708,2.231060606060609,0.0,0.0,1388.0
1,3,8,1.5105297565460205,10.0,2707.2,0.24980702542424246,0.16505304604555937,0.06846084308602726,0.5869100946969689,281.83030303030307,9.302131532934515,288.8181818181818,6470.5818181818195,218.78228316944177,10.084848484848493,0.6,0.0,1391.0
1,8,10,0.32557642459869385,6.0,1820.160000000021,0.20402569953282831,0.31807107480642016,0.08254258349473954,0.3167773758181852,283.76388888888886,3.354741904847227,287.6363636363636,6516.319444444444,77.789286061967,160.2929292929293,0.0,0.0,1418.0
1,10,17,0.4242011308670044,4.0,1056.6000000000001,0.15826175642045456,0.47103100392662267,0.045005344466474966,0.27774056085858473,283.0056818181818,3.376066368112576,287.6363636363636,6502.407196969697,75.79693795116037,217.0340909090909,0.0,0.0,1422.0
1,17,18,0.35468295216560364,5.0,1374.4799999999582,0.1785246720606061,0.4033048874843488,0.06080284930439194,0.3768368371212105,285.66363636363633,4.789761808463775,294.5,6567.763636363636,114.36430986938545,186.0969696969697,0.0,0.0,1424.0
1,18,4,1.4703060388565063,7.0,2121.479999999958,0.22696047783549783,0.24141461067810588,0.07537321454543458,0.12256104040404144,286.59523809523813,7.354753493017176,294.5,6587.361471861472,176.21863105613474,89.60497835497836,0.0,0.0,1426.0
1,4,18,1.4703060388565063,10.0,2860.920000000042,0.24460429612121212,0.18244248085603898,0.0696554850428093,0.35926606336700373,283.1393939393939,8.566613070760944,290.6666666666667,6504.606060606061,203.7154417841317,19.16893939393939,0.6857142857142857,0.0,1430.0
1,18,19,0.3465544581413269,4.0,1060.2,0.2186195959090909,0.2692929057177268,0.08484319986008991,0.15408080212121908,284.32954545454544,4.473449567510269,289.8181818181818,6536.246212121212,105.6873933443087,127.62499999999999,0.0,0.0,1462.0
1,19,22,4.365736484527588,13.0,3681.3600000000215,0.2916291350815851,0.025268174074708383,0.021606700922443215,0.009702626262627708,287.5495337995338,1.8238950044978348,292.1818181818182,6611.934149184149,43.11664011088984,7.518065268065271,0.3448275862068966,0.0,1466.0
1,22,20,0.9209777116775513,13.0,3783.2399999999793,0.21910154533799536,0.26768205347311735,0.07440262343994807,0.2551043646212084,283.7692307692308,3.507131574558558,291.1818181818182,6524.347319347318,82.04459999329804,147.30944055944056,0.0,0.0,1492.0
1,20,23,3.203617572784424,12.0,3526.9199999999373,0.26324184299242426,0.12014894462392489,0.05827287228666504,0.10014927803030105,287.8503787878788,3.2116880857330705,292.5833333333333,6621.732323232322,75.58859799481503,70.25063131313131,0.0,0.0,1502.0
1,23,25,0.9280086159706116,11.0,2981.1600000000212,0.206117926584022,0.31107808251403546,0.07294053916014084,0.25326124545455003,280.3057851239669,8.666029875519603,289.6666666666667,6446.108126721763,204.58382455875653,109.14462809917357,0.14285714285714285,0.2857142857142857,1511.0
1,26,27,0.42720019817352295,9.0,2586.960000000021,0.23824209909932664,0.2037072832164204,0.07470053794620415,0.20573466423484987,285.4941077441078,3.113118731452595,289.5,6574.028619528619,75.84441578183223,100.31481481481481,0.0,0.0,1544.0
1,27,31,0.6600757241249084,7.0,1973.520000000042,0.17495810790692642,0.41522565661059996,0.06974093252785095,0.34187956078787823,284.10714285714283,4.211545844589546,293.3636363636364,6538.495238095238,97.08003965317015,208.34848484848484,0.0,0.0,1550.0
1,31,30,0.44418466091156006,6.0,1834.919999999937,0.20812655236868685,0.304364516401585,0.07175608290292157,0.33852826169697325,286.6338383838384,4.657628222947563,294.1666666666667,6600.493181818183,111.70724669281711,158.91919191919192,0.0,0.0,1554.0
1,24,23,0.896437406539917,12.0,3335.400000000105,0.21164871556186868,0.2925921516152733,0.07935298302351688,1.1231312128099196,284.5265151515152,3.927638224005819,290.5,6551.696969696971,91.94286157049409,153.177398989899,0.0,0.0,1576.0
1,23,20,3.1761534214019775,12.0,3372.83999999998,0.261297620770202,0.12664725034410285,0.057078686544875946,0.1075707100550987,287.1761363636364,2.7921234104795642,291.09090909090907,6617.585858585859,67.97193490928974,71.9753787878788,0.0,0.0,1586.0
1,20,22,0.9209777116775513,6.0,1811.519999999937,0.2803925443181818,0.06282499304248168,0.04140697134823349,0.0166528136363695,284.7904040404041,6.250034690241437,288.54545454545456,6561.041666666667,149.35372879606248,20.077020202020197,0.7857142857142857,0.0,1595.0
1,20,22,0.9209777116775513,5.0,1349.280000000063,0.1412433401818182,0.5279128100945899,0.029985471566722648,2.921149750000005,281.1351515151515,2.8957088672540046,286.8181818181818,6469.879393939394,68.99745594649906,276.1393939393939,0.8571428571428571,0.0,1627.0
1,22,19,5.032394886016846,18.0,5205.960000000021,0.2609450171464647,0.1278257813365472,0.06287159217329397,0.3578610842245984,287.44898989898985,3.65882596582832,294.3636363636364,6623.010101010101,86.77424620154622,62.25555555555556,0.0,0.0,1666.0
1,19,16,0.3405877351760864,10.0,2677.3199999999374,0.1993096627181818,0.3338338043230896,0.08395372096084,0.17746485413468033,279.9977272727273,10.601729662274733,295.5,6447.049242424242,250.95644657348544,95.79030303030304,0.29411764705882354,0.0,1681.0
1,16,15,0.6603029370307922,5.0,1371.6,0.196723794,0.34247672861997547,0.0719815893055301,0.18976271595454364,286.32727272727277,6.338613139238396,295.5,6597.8,147.54185734706437,168.84545454545454,0.0,0.0,1696.0
1,15,14,0.3606937825679779,6.0,1776.2399999999789,0.17639195392676768,0.41043321586689785,0.07645860534942356,0.31410678266666425,277.8358585858586,15.824475354748275,292.5,6396.414141414141,373.0015630126044,160.63762626262627,0.0,0.0,1698.0
1,14,21,4.371143817901611,16.0,4524.839999999979,0.2557166790198864,0.14530081025383546,0.07796906917637988,0.04221212888888696,282.1557765151515,11.793124285921651,290.5833333333333,6503.675662878788,279.2050247102014,33.76041666666668,0.058823529411764705,0.0,1701.0
1,21,20,1.1300442218780518,12.0,3472.9199999999378,0.21122220454545457,0.29401770829598795,0.08175023914963643,0.45703625619834365,282.39393939393943,3.6566288745302438,288.25,6511.223484848485,87.67106744484853,151.90025252525254,0.0,0.0,1715.0
1,20,23,3.203617572784424,12.0,3511.4399999999796,0.24987509690656565,0.16482552611604417,0.06847277898524878,0.1389030564738298,286.24116161616166,3.7101041125233514,290.75,6603.875,89.47869973158433,82.97348484848484,0.0,0.0,1724.0
1,23,25,0.9280086159706116,11.0,3194.639999999979,0.2242813727203857,0.2503691653043729,0.0777108391985695,0.2497042393939381,283.73002754820936,4.2019247940912825,290.5,6547.12741046832,97.35003347527369,121.4504132231405,0.0,0.0,1733.0
1,26,27,0.42720019817352295,9.0,2587.3199999999374,0.2372469216245791,0.207033532347218,0.0752556439962707,0.20794038598485187,286.09528619528623,3.2907643348284714,290.90909090909093,6607.285353535353,80.42675304807797,104.31632996632995,0.0,0.0,1764.0
1,27,31,0.6600757241249084,7.0,1968.1200000000417,0.17332749277705628,0.42067577208851703,0.07128558588031135,0.3433354800303003,285.07922077922086,4.526677646690145,291.27272727272725,6578.112121212122,109.04739330501856,210.42099567099564,0.0,0.0,1770.0
1,31,30,0.44418466091156006,6.0,1674.7200000000419,0.2005201627979798,0.32978786785403924,0.07098381211610438,0.3400918607454514,286.8260101010101,5.103830134830059,294.4166666666667,6620.513383838384,121.75890198060178,171.31818181818184,0.0,0.0,1774.0
1,24,23,0.896437406539917,12.0,3313.0799999999585,0.22469422614898993,0.24898925730515897,0.07517305901370594,1.1020422079889804,281.8232323232323,7.800878229593353,289.6363636363636,6506.026515151515,184.7718279664068,97.22853535353535,0.7090909090909091,0.0,1861.0
1,23,20,3.1761534214019775,11.0,3056.4000000000005,0.2655726738292011,0.11235845072550543,0.05413864457573814,0.09407456060606592,286.6473829201102,3.399420572187073,293.1666666666667,6622.9352617079885,78.7860521325941,63.68801652892564,0.0,0.0,1913.0
1,20,21,0.9051191210746765,12.0,3321.0000000000005,0.2166659669191919,0.2758226523151376,0.08014189035521027,0.23170881074380067,283.3813131313131,3.0014843877224893,287.0,6551.5441919191935,70.48210128506743,154.2689393939394,0.0,0.0,1921.0
1,21,14,4.371143817901611,17.0,4889.520000000042,0.26365756922459893,0.11875943465860783,0.06385226656333638,0.09530426590909435,286.29064171122997,3.143122318724916,289.90909090909093,6623.47504456328,77.04209999080184,59.686452762923345,0.0,0.0,1930.0
1,14,15,0.5930969715118408,8.0,2226.6,0.206305655,0.3104506251043596,0.09305359177084686,0.09834537012987507,278.2348484848485,10.631039308837227,288.6363636363636,6430.359848484848,253.71037280426725,66.36174242424244,0.3684210526315789,0.0,1944.0
1,15,16,0.6603029370307922,4.0,1054.440000000084,0.2199764364393939,0.2647578456414361,0.06725875112526145,2.1813678939394,282.5909090909091,3.281868546579043,286.0,6535.25,77.62106313462043,102.80681818181819,0.38461538461538464,0.0,1960.0
1,16,17,0.3471311032772064,3.0,901.440000000084,0.23232446979797974,0.2234861767499393,0.07363258173259633,0.17338225000000307,281.54545454545456,3.1605348781896803,286.0,6511.848484848485,76.43853049336634,115.74242424242425,0.0,0.0,1970.0
1,17,10,0.40302029252052307,2.0,450.720000000042,0.19677791818181817,0.34229582569833983,0.008353781818181832,0.02448554545455295,272.9545454545455,0.7727272727272805,273.72727272727275,6302.545454545454,21.636363636363512,98.77272727272728,0.42857142857142855,0.0,1974.0
1,9,13,0.6603029370307922,4.0,1051.920000000042,0.2067157765151515,0.3090798481646584,0.06690655666072205,0.12733962297980383,281.34090909090907,4.276775161862491,288.09090909090907,6504.212121212122,103.92514258690242,104.07575757575756,0.5,0.0,1988.0
1,13,11,0.5543110370635986,2.0,595.0799999999581,0.17935167803030302,0.40054072937419194,0.05931119469696969,0.3157397112121316,280.5,0.5,281.0,6484.787878787879,17.12121212121201,193.24242424242425,0.0,0.0,2003.0
1,11,2,3.520909070968628,11.0,3052.8,0.2752094743112948,0.08014871925487888,0.057899040814288275,0.03046948636363993,285.91597796143253,3.0484399634431414,289.8181818181818,6615.893939393939,77.15592073749215,18.073691460055095,0.23809523809523808,0.0,2006.0
1,2,11,3.520909070968628,16.0,4401.0,0.26915601077651513,0.10038162075416579,0.0636103638942524,0.210923901010104,284.00189393939394,8.29920503808848,289.8333333333333,6574.499526515152,198.33215291778302,0.8873106060606002,0.37037037037037035,0.0,2024.0
1,11,12,0.6000833511352539,9.0,2598.8399999998746,0.29846914998316504,0.0024063286266943207,0.0006025913549781841,0.0021828749999990293,287.19377104377105,1.428596833106644,289.72727272727275,6650.303198653199,33.88332475091726,1.2840067340067347,0.0,0.0,2048.0
1,12,14,0.6603029370307922,5.0,1383.120000000042,0.2984155963636364,0.0025853245193148133,0.0009826788500491403,0.0030433863636361025,287.96363636363634,1.5283545951758275,289.90909090909093,6667.145454545454,39.75194158156453,1.4545454545454504,0.0,0.0,2055.0
1,14,21,4.371143817901611,14.0,3981.6000000000004,0.29842525863636366,0.002553029650232519,0.0007843747974399573,0.0019719340326280243,287.0320346320346,1.528972768128921,289.90909090909093,6645.352813852813,38.351256623201124,1.3969696969696932,0.0,0.0,2057.0
1,21,20,1.1300442218780518,12.0,3458.8799999999583,0.21140833323232322,0.2933955977693501,0.08220067694427236,0.41627406611569673,282.09659090909093,3.8723758418600527,289.2,6533.719191919193,90.0213744415246,151.8080808080808,0.0,0.0,2068.0
1,20,23,3.203617572784424,12.0,3503.1599999999166,0.2491599834848485,0.16721569817858195,0.06909180364577687,0.15373695537190005,286.0401515151515,4.640454576786251,294.3636363636364,6629.143434343434,111.28065653300428,84.10580808080807,0.0,0.0,2077.0
1,23,25,0.9280086159706116,11.0,3170.1599999999166,0.22647938619146005,0.24302259589021158,0.0763051692949623,0.25245490909090906,283.0964187327824,3.988945995465537,289.6363636363636,6559.674242424243,94.17848722043587,116.00275482093663,0.0,0.0,2086.0
1,26,27,0.42720019817352295,9.0,2579.4,0.23609419676767673,0.210886362772558,0.0756039099999406,0.20549628068182102,284.8484848484849,3.7545809179727527,290.6363636363636,6605.763468013468,86.82989016320784,100.55555555555556,0.0,0.0,2117.0
1,27,31,0.6600757241249084,7.0,2113.9199999998327,0.17036987071428572,0.4305612327878905,0.06876489225972235,0.33488181737374134,282.6666666666667,3.6195158953656166,288.09090909090907,6554.765151515152,87.13348464284853,207.61255411255414,0.0,0.0,2123.0
1,31,30,0.44418466091156006,6.0,1674.7199999998325,0.19817614858585855,0.3376224254414921,0.06973637423427578,0.3359005843636396,285.7878787878788,5.754975156961062,294.1818181818182,6625.390151515152,135.9958973698509,168.64772727272728,0.0,0.0,2127.0
1,24,23,0.896437406539917,12.0,3334.6799999999585,0.22663550311868677,0.24250079570213712,0.06963532073151839,1.1330383388429757,283.8958333333333,3.964368345372703,291.0,6582.752525252526,92.5864486406658,127.49494949494948,0.0,0.0,2217.0
1,23,20,3.1761534214019775,11.0,3201.4799999999577,0.2688994906336088,0.1012390054157215,0.04967069173874058,0.07998833212121212,286.0322314049586,3.140907734821222,291.3636363636364,6635.424242424243,74.35323293138997,53.44517906336087,0.0,0.0,2228.0
1,20,21,0.9051191210746765,12.0,3462.8399999998746,0.2145099429419192,0.2830288773979567,0.0792072665185998,0.22243198347107615,282.37853535353537,3.2758202879310283,287.54545454545456,6549.791287878787,78.41958991858189,140.73232323232324,0.0,0.0,2236.0
1,21,14,4.371143817901611,17.0,4872.9600000001265,0.2655569318181818,0.11241106631598907,0.06105313566583875,0.0839530192234843,286.1272727272727,3.4154231545105276,292.0,6642.157219251336,82.82521287728517,55.78360071301249,0.0,0.0,2245.0
1,14,15,0.5930969715118408,7.0,2102.040000000084,0.2578892498701299,0.13803927943587557,0.06425361934060339,0.0015944393939453978,280.3173160173161,9.244390779969597,289.1818181818182,6503.435930735931,216.86853035429365,1.0993506493506524,0.38461538461538464,0.0,2259.0
1,15,12,0.5789593458175659,3.0,910.0799999999581,0.2987378575757576,0.001508209025940288,0.00010152698031492605,0.004387227272729888,287.33838383838383,1.347169562459514,289.1818181818182,6671.055555555556,28.987548738011558,0.5555555555555429,0.0,0.0,2271.0
1,12,11,0.6000833511352539,5.0,1370.879999999958,0.2987004743939394,0.0016331573685068879,0.0002450234013844095,0.0032307651515139924,287.19393939393933,0.9472496555867267,288.5,6669.281818181819,19.754976590515714,0.807575757575762,0.0,0.0,2272.0
1,11,2,3.520909070968628,11.0,3047.4000000000005,0.29874902114325064,0.0014708962775987766,0.0003929994759168746,0.0015584053030266887,286.4779614325069,1.6272109559914467,289.3636363636364,6651.651515151516,37.43558858687543,0.7809917355371929,0.0,0.0,2274.0
1,2,11,3.520909070968628,17.0,4706.279999999749,0.27310912061942955,0.08716887376923488,0.0581956894376917,0.19884728598484536,284.3892156862745,7.122102513500544,291.72727272727275,6603.975668449197,169.02016903226047,1.272281639928697,0.4857142857142857,0.0,2282.0
1,11,13,0.33970576524734497,9.0,2428.2000000000003,0.23571991578282825,0.21213734747841884,0.07600111156280218,0.5500556770833285,284.2274410774411,4.835951838352102,291.45454545454544,6598.775589225589,115.58039987623184,108.02037037037036,0.08333333333333333,0.3333333333333333,2314.0
1,13,9,0.6603029370307922,5.0,1362.2399999998745,0.20283312827272723,0.3220570865661133,0.06840597181562043,2.9454533863636314,283.9545454545455,4.191490789841036,291.45454545454544,6593.1909090909085,98.36236093947096,160.31212121212118,0.0,0.0,2323.0
1,9,7,0.3465544581413269,5.0,1365.4800000001678,0.22004089836363638,0.26454239018256387,0.06691044487686738,1.3874751196969655,286.4184848484848,5.294096752270952,294.0,6657.748181818181,130.1010049954514,126.26212121212123,0.0,0.0,2326.0
1,7,1,3.510911464691162,12.0,3319.560000000126,0.251875989280303,0.15813780790713683,0.060112914073078366,0.04676980619834901,283.46856060606063,8.68168458314274,294.0,6587.879292929293,207.1975110350004,35.902146464646464,0.0,0.25,2329.0
1,1,7,3.510911464691162,18.0,4955.40000000021,0.25801606880303024,0.1376154039201687,0.06958415780500818,0.18745752183600678,281.7565656565656,9.677122049140634,289.5,6545.157407407407,230.87739917016359,1.6902356902356854,0.574468085106383,0.06382978723404255,2338.0
1,7,10,0.48010414838790894,7.0,1979.2799999999581,0.2986656028138528,0.0017497110143598338,0.00047774121045854095,0.0024590333333378567,285.7701298701299,2.092971677682813,289.0,6639.788961038961,49.242261143348266,1.038961038961036,0.0,0.0,2382.0
1,16,19,0.5220643877983093,4.0,1224.0000000000002,0.298614596780303,0.0019201919376780063,0.0002432077472974112,0.001909164141409292,286.60227272727275,1.1117214519729646,287.90909090909093,6661.535984848485,29.020794893371217,0.7026515151515156,0.0,0.0,2390.0
1,19,22,4.365736484527588,14.0,4063.679999999958,0.2827326892316017,0.05500336807435402,0.045703159828545774,0.00400891550116547,283.23755411255416,9.97616929901038,288.1818181818182,6578.325216450216,236.03695745483577,1.556818181818185,0.8148148148148148,0.0,2391.0
1,22,20,0.9209777116775513,13.0,3754.439999999874,0.2186198339160839,0.2692921102108211,0.07506355995332313,0.2611724348484851,281.420745920746,3.4205074512923894,286.90909090909093,6539.153846153845,78.60132608590115,142.0034965034965,0.0,0.0,2469.0
1,20,23,3.203617572784424,12.0,3501.360000000126,0.26561738244949495,0.11220901807337524,0.05693443829053082,0.09601776942148697,285.24747474747477,3.667169247911425,290.54545454545456,6635.937373737373,88.43013792502775,62.13320707070708,0.0,0.0,2479.0
1,23,25,0.9280086159706116,10.0,2858.0399999998745,0.22134356963636362,0.26018838368766883,0.07657521718291599,0.27928411111111334,281.7234848484849,4.8642938878678175,290.54545454545456,6555.554545454545,114.21996648485612,123.03939393939395,0.0,0.0,2488.0
1,26,29,0.43908995389938354,9.0,2575.079999999958,0.24146822255892259,0.1929243920983823,0.07136607196162573,0.7447379015151512,284.36195286195283,3.489759710448841,289.8333333333333,6620.799663299663,80.27559495056877,101.58922558922558,0.0,0.0,2518.0
1,29,5,1.2717328071594238,8.0,2243.519999999832,0.200835570719697,0.3287336585777243,0.07932403759978271,1.5009227575757547,278.9090909090909,10.427338885596752,289.90909090909093,6489.407196969698,250.67788505727736,92.88068181818181,0.0,0.0,2524.0
1,5,29,1.274154543876648,10.0,2677.679999999958,0.19615365875757576,0.34438233028668497,0.07694346288170661,0.40982513279461347,276.64924242424246,7.8286693004960295,284.54545454545456,6434.430303030303,188.58339720670068,98.15227272727272,0.6666666666666666,0.0,2529.0
1,29,26,0.6646413803100586,7.0,1960.920000000042,0.21920570077922077,0.26733392768185404,0.07084694740524398,0.2703726839393994,284.4220779220779,5.624868582261994,293.0,6622.690476190476,135.41408594571556,137.35281385281385,0.0,0.0,2565.0
1,25,23,0.9280086159706116,12.0,3465.720000000042,0.22764653075757577,0.23912156949334462,0.07182093986135879,0.2636884645730039,283.37626262626264,3.6344420076918036,288.72727272727275,6599.868308080809,86.21608638308777,116.4415404040404,0.0,0.0,2587.0
1,23,20,3.1761534214019775,12.0,3489.4799999999577,0.25878373693181816,0.13504957469782863,0.05831219727689698,0.11958596884297053,285.1300505050505,3.325918396133165,290.90909090909093,6643.868939393939,82.16717895303334,72.45441919191917,0.0,0.0,2597.0
1,20,22,0.9209777116775513,12.0,3453.120000000042,0.2155179156691919,0.2796598618273328,0.07567003355038429,0.42993992148760185,281.1978535353535,3.848445699829377,285.8333333333333,6549.321717171718,91.96054007993139,151.42689393939392,0.0,0.0,2606.0
1,19,18,0.3465544581413269,10.0,2869.920000000042,0.23430469988636365,0.2168675194979378,0.07543349153713326,0.8168097888888894,282.3222727272727,5.61832777629043,291.54545454545456,6577.768333333333,137.32028689543316,100.35030303030302,0.0,0.0,2693.0
1,18,4,1.4703060388565063,7.0,2100.9599999999164,0.23282707698051947,0.22180627869509284,0.06887701943027008,2.401793565909093,281.2123376623377,9.11043125471954,291.54545454545456,6553.1896103896115,219.52629259263028,70.95562770562769,0.0,0.0,2700.0
1,4,18,1.4703060388565063,9.0,2394.3599999999165,0.2602635001851852,0.130103661672067,0.06829578959457999,1.183087103011367,279.5883838383839,9.986658276739716,287.54545454545456,6517.5824915824915,239.86067119394372,2.8577441077441077,0.6071428571428571,0.0,2704.0
1,18,16,0.4601086974143982,6.0,1670.7599999999163,0.29842200909090905,0.002563890826272175,0.0004021835556106054,0.002241207999998096,285.229797979798,2.2394605153145957,288.45454545454544,6655.516414141413,56.762102361307484,1.2803030303030407,0.0,0.0,2729.0
1,16,15,0.6603029370307922,5.0,1502.2800000001678,0.21997124854545452,0.2647751854910051,0.08493547831141962,0.22654488045454713,282.6727272727273,4.2151242837278975,288.45454545454544,6595.663636363637,104.28532697118786,137.04545454545456,0.0,0.0,2733.0
1,15,12,0.5789593458175659,5.0,1357.5600000001257,0.19351117854545455,0.3532144710171089,0.06708275447140696,0.39291492897726954,282.7257575757576,4.955561011662765,291.45454545454544,6594.374242424243,118.09100955664803,176.8121212121212,0.0,0.0,2735.0
1,12,13,0.5721194744110107,3.0,773.6399999998744,0.25070580757575756,0.16204898553764646,0.0364053586758983,0.11724552272727351,289.3308080808081,4.492453341642405,293.45454545454544,6753.335858585859,106.55443122695822,74.64141414141413,0.0,0.0,2738.0
1,13,11,0.5543110370635986,4.0,1225.8,0.29476081287878786,0.014800955095976565,0.00419995163804003,0.010034053030305282,288.3636363636364,3.0505384973749967,293.45454545454544,6731.049242424242,73.59030341385136,8.583333333333314,0.0,0.0,2740.0
1,11,2,3.520909070968628,11.0,3197.520000000042,0.29816860303030296,0.003410867079471358,0.001002955762563604,0.004803013636364995,285.57575757575756,1.0183228290128938,288.0,6664.858126721763,22.929753927816474,2.034435261707978,0.0,0.0,2741.0
1,14,21,4.371143817901611,12.0,3500.4757575757576,0.2950342720833333,0.013886953860509754,0.010117910947644438,0.003941917355374161,291.70631313131315,1.627496767270766,293.54545454545456,6538.890277777778,38.37027383986649,3.50340909090909,0.013513513513513514,0.0,3154.0
1,21,20,1.1300442218780518,11.0,3168.1353535353533,0.21027625771349862,0.2971794105123413,0.08133520788910112,0.8260850193939347,288.0123048668503,3.4167735578343694,293.54545454545456,6453.279889807163,80.76408020438852,156.3153351698806,0.0,0.0,3225.0
1,20,23,3.203617572784424,13.0,3786.3181818181815,0.25144689953379956,0.15957198365222536,0.06642204877852916,0.3372179621212131,291.25524475524475,4.163670659061823,296.27272727272725,6526.431235431236,96.57594017479968,80.46153846153847,0.0,0.0,3233.0
1,23,25,0.9280086159706116,9.0,2597.5454545454545,0.24399641309764306,0.1844742494903584,0.06183504033191611,0.1914272348484829,288.6161616161616,4.288060221500862,294.5,6469.954545454545,99.59170499241186,92.45791245791247,0.0,0.0,3243.0
1,26,27,0.42720019817352295,7.0,2043.9848484848487,0.298995263961039,0.0006478622164215464,0.0003557046034078346,0.0009294962121231265,291.9978354978355,0.7706418073187441,293.0,6551.203463203463,16.85663111470531,0.49675324675324156,0.0,0.0,3275.0
1,27,28,0.4294182062149048,3.0,878.151515151515,0.29896993308080805,0.0007325273344416239,0.00015496798835874006,0.00129438257576453,292.71717171717165,0.5489971006747882,293.3333333333333,6561.204545454545,11.358498838656821,0.5075757575757507,0.0,0.0,3281.0
1,28,34,0.6100819706916809,4.0,1173.6060606060605,0.28692432765151515,0.04099337085813681,0.018755846888263355,0.019948000000008886,293.4015151515151,0.5846109582036602,294.3636363636364,6576.170454545455,15.082157066443052,24.60227272727272,0.0,0.0,3282.0
1,34,33,0.5456188917160034,3.0,872.7272727272727,0.24311048484848485,0.18743534752913693,0.04780461843461734,0.17376709090909515,290.90909090909093,4.0192374864458875,294.3636363636364,6519.484848484848,92.19470752434997,111.12121212121212,0.0,0.0,3284.0
1,33,6,1.2208967208862305,7.0,1973.8787878787882,0.20725697900432904,0.3072709504002983,0.07670464180117392,1.8700868939393966,281.982683982684,9.963383797565363,293.8181818181818,6316.768398268398,227.8385474271396,43.56709956709957,0.4782608695652174,0.0,3286.0
1,6,33,1.3053491115570068,9.0,2557.636363636364,0.21662925487373735,0.27594535747314375,0.08364251425561645,0.46145417607954897,284.18181818181824,9.978292427228688,296.27272727272725,6368.212962962963,230.12513265942462,51.00000000000001,0.5,0.0,3306.0
1,33,34,0.5456188917160034,7.0,2032.8181818181818,0.2263232556168831,0.2435444416927497,0.07831501687004547,0.26095295401515745,290.4025974025974,5.2499749013527435,297.09090909090907,6511.104978354978,124.43496934926621,126.22727272727275,0.0,0.0,3323.0
1,34,28,0.6100819706916809,4.0,1170.590909090909,0.2933685113636364,0.01945453882560788,0.004091262702638284,0.0092937575757522,292.64772727272725,3.2610864627230103,297.09090909090907,6566.215909090909,72.79345976178696,5.23863636363636,0.0,0.0,3328.0
1,28,26,0.7406078577041626,5.0,1455.939393939394,0.29720893015151517,0.006618446792554855,0.0012262809245531623,0.004945022727270043,291.1878787878788,1.658065962637029,294.0,6534.240909090909,38.51422834646922,4.00151515151515,0.0,0.0,3330.0
1,25,23,0.9280086159706116,12.0,3473.409090909091,0.22836297691919194,0.23672694292390417,0.07139292379362198,0.274078791074376,289.45075757575756,3.574688062318635,293.27272727272725,6497.58712121212,85.02725330683742,125.62247474747475,0.0,0.0,3350.0
1,23,20,3.1761534214019775,12.0,3497.239393939394,0.26202400045454544,0.12421942228831884,0.05665322981920253,0.11987754311294907,291.4366161616162,3.851070963254773,298.45454545454544,6542.829924242425,90.79971175407921,71.38560606060607,0.0,0.0,3360.0
1,20,21,0.9051191210746765,12.0,3459.590909090909,0.2126056424494949,0.2893937500145829,0.07840998557712188,0.26368193266116113,288.29924242424244,3.239249159344594,292.8333333333333,6474.776515151515,71.97617650922253,143.95202020202024,0.0,0.0,3369.0
1,21,14,4.371143817901611,17.0,4953.598484848486,0.2635190631639929,0.11922237285344384,0.06455987582593091,0.09753220204545343,291.388146167558,3.199424517951432,298.0,6548.1073975044565,74.86222388262655,63.214795008912645,0.0,0.0,3378.0
1,14,12,0.6603029370307922,8.0,2336.2954545454545,0.2985013961174242,0.0022985501863931335,0.00042419402370881293,0.0018296785714296351,292.0369318181818,0.8179488787022935,293.3333333333333,6565.775568181818,19.926625166279106,1.0842803030303045,0.0,0.0,3392.0
1,12,11,0.6000833511352539,5.0,1457.901515151515,0.2988339274242424,0.0011871082593664095,0.00020564598895834028,0.0020805492424216254,291.580303030303,1.421367181565022,294.3333333333333,6552.822727272727,31.938981223254746,0.6378787878787875,0.0,0.0,3398.0
1,11,2,3.520909070968628,11.0,3209.093939393939,0.2989237691184573,0.0008868242749771049,0.00039047284597228604,0.001460862727273593,291.7358126721763,2.049706556232227,295.72727272727275,6556.665013774105,43.77304506984594,0.6115702479338758,0.0,0.0,3400.0
1,2,11,3.520909070968628,17.0,4938.374242424243,0.27903290672014264,0.0673694019478629,0.052378164153664974,0.19874748579545454,290.4926024955437,6.326209263333057,296.5,6528.029233511586,145.54442578023887,1.1372549019607832,0.5263157894736842,0.0,3408.0
1,11,12,0.6000833511352539,8.0,2338.30303030303,0.2984631200757576,0.0024264827949525003,0.0007953475549417562,0.0025872727272785922,292.28787878787875,2.127372008388593,295.3636363636364,6570.348484848485,47.708418594363586,1.600378787878789,0.0,0.0,3443.0
1,12,15,0.46141088008880615,3.0,878.7272727272727,0.29931800606060605,0.0,0.00020303009999989556,0.0011599999999987176,292.90909090909093,0.9121161783813709,293.72727272727275,6582.0,23.450669165239358,0.21212121212120869,0.0,0.0,3449.0
1,15,14,0.3606937825679779,4.0,1172.8863636363637,0.2985251590909091,0.0022191255893690975,0.0005362517583434638,0.001796972222223303,293.22159090909093,1.1595782175265346,294.90909090909093,6595.333333333333,31.077260871104382,1.4734848484848442,0.0,0.0,3451.0
1,14,21,4.371143817901611,13.0,3798.484848484848,0.29860102715617715,0.001965546612195057,0.0003725548124188152,0.0013305328282839923,292.19114219114215,1.900525039280588,295.5833333333333,6571.183566433567,44.938638297871,1.0909090909090913,0.0,0.0,3452.0
1,21,20,1.1300442218780518,12.0,3463.719696969696,0.2138754638888889,0.28514953974432533,0.08114457502558584,0.23232474655647842,288.643308080808,3.2127174176493893,292.6666666666667,6489.929924242424,72.41353593077912,158.415404040404,0.0,0.0,3462.0
1,20,23,3.203617572784424,12.0,3501.901515151515,0.2482598840277778,0.17022416160614529,0.06836860402770249,0.1346267878787909,291.82512626262627,4.426670214704386,298.54545454545456,6563.618055555556,101.48315130803796,92.32070707070704,0.0,0.0,3471.0
1,23,25,0.9280086159706116,11.0,3173.7272727272725,0.23225835652892562,0.22370715161051002,0.0732673469447305,0.247668336363634,288.5206611570248,4.405541928042743,296.27272727272725,6488.721763085399,102.12901529741744,108.63360881542698,0.0,0.0,3480.0
1,26,27,0.42720019817352295,7.0,2041.401515151515,0.2983262648268398,0.002883903369984453,0.0004912730706556676,0.0027045050505070853,291.6287878787879,1.028128275182418,293.1666666666667,6565.529220779221,23.766116423511043,1.731601731601732,0.0,0.0,3513.0
1,27,28,0.4294182062149048,3.0,878.3636363636365,0.29867342727272733,0.001723558795091562,0.00029848695981408014,0.0024525000000039654,292.7878787878788,0.9884549351697038,294.1818181818182,6592.939393939395,23.227860792334585,1.1212121212121247,0.0,0.0,3519.0
1,28,34,0.6100819706916809,4.0,1169.4545454545455,0.2775553085227273,0.07230807856036126,0.029899141893850845,0.05336245454545482,292.3636363636364,1.9792310051888493,294.1818181818182,6583.5625,45.5732976469713,43.26136363636364,0.0,0.0,3520.0
1,34,33,0.5456188917160034,5.0,1441.7272727272725,0.19605469809090909,0.3447130932308189,0.06306898916504128,1.0235647272727277,288.3454545454545,3.5542548125770708,294.0,6492.304545454545,83.5634904856706,184.9181818181818,0.0,0.0,3522.0
1,33,6,1.2208967208862305,8.0,2276.121212121212,0.19797442272727273,0.3382966674523965,0.0797881964463101,1.012015014069269,284.5151515151515,10.1105573567573,298.27272727272725,6404.049242424242,235.00737828007536,99.91477272727272,0.0,0.0,3524.0
1,6,33,1.3053491115570068,9.0,2568.734848484848,0.21420134404040403,0.2840603284245088,0.07848081130759851,0.46222456901515585,285.41498316498314,11.619690821905557,297.27272727272725,6422.743265993266,268.0839470361084,48.98905723905724,0.7222222222222222,0.0,3529.0
1,33,34,0.5456188917160034,7.0,2003.6590909090908,0.21758641924242422,0.27274616212340685,0.07429897968368,0.30894846868686915,286.237012987013,11.290380554778434,297.27272727272725,6441.929653679654,259.083943436727,92.85281385281385,0.55,0.0,3562.0
1,34,28,0.6100819706916809,3.0,876.5757575757577,0.28100540606060603,0.060776583698655906,0.011496627093989574,0.040890333333337026,292.1919191919192,3.218150747755935,295.6666666666667,6577.88888888889,75.25233272295903,33.611111111111114,0.0,0.0,3580.0
1,29,26,0.6646413803100586,4.0,1163.4242424242423,0.2939518503787879,0.017504805294309533,0.0021178976424613364,0.01658618181818383,290.85606060606057,0.4666937221594408,291.3333333333333,6546.753787878787,10.99185970085109,10.560606060606062,0.0,0.0,3583.0
